# ===========================================================================
# PhotoPipeline M2-T9 regression baseline — normalized full-corpus --dev log
# (docs/design.md §8.4; docs/m2-tasks.md §4 T9, exit criterion §8.6)
#
# matrix: 8 formats x 27 corpus inputs (base 16 + edge 4 + meta 7)
#         + metadata-only (--metadata-only) x 4 formats x base 16
# run shape: photopipeline --dev <corpus...> --out .cache/regression/out-<run> \
#            --base tests/golden --conflict overwrite --workers 1
# prem.: workers=1, fixed+wiped out dirs, idempotent re-run (see tools/regression.sh)
# norm.: timestamps/tid/*_ms/throughput/capacity+budget bytes -> placeholders;
#        <repo> prefix, 0x<addr>, <tmp> segments; elapsed-conditional
#        "budget report" lines dropped; stdout ms column -> <ms>
# regenerate: bash tools/regression.sh <build_dir> --update
# ===========================================================================
### run full-jpeg rc=4 args=--format jpeg
[info] [tid] [run] [main.cpp] run start {outputs=jpeg output_count=1 template=$dir/$file lossless=false color=keep conflict=overwrite workers=1 files=27 metadata_only=false out=.cache/regression/out-full-jpeg params="adaptive_quantization=true arith_code=false chroma=444 cicp_transfer_function=2 dct_method=0 distance=1 optimize_coding=true progressive=true psnr_target=0 quality=90 quality_mode=distance restart_in_rows=0 smoothing_factor=0 std_quant_tables=false xyb_mode=false"}
[info] [tid] [run] [main.cpp] version {lib=app version=0.2.0}
[info] [tid] [run] [main.cpp] version {lib=qt version=6.11.2}
[info] [tid] [run] [main.cpp] version {lib=oiio version=3.1.17.0}
[info] [tid] [run] [main.cpp] version {lib=jpegli version=031a0077}
[info] [tid] [run] [main.cpp] version {lib=libjxl version=0x00002ee0}
[info] [tid] [run] [main.cpp] version {lib=libheif version=1.23.5}
[info] [tid] [run] [main.cpp] version {lib=exiv2 version=0.28.9}
[info] [tid] [run] [main.cpp] version {lib=lcms2 version=2190}
[info] [tid] [run] [main.cpp] version {lib=webp version=1.6.0}
[info] [tid] [run] [main.cpp] version {lib=tiff version="LIBTIFF, Version 4.7.2"}
[info] [tid] [run] [main.cpp] version {lib=x265 version="x265 HEVC encoder (4.3-vcpkg)"}
[info] [tid] [run] [main.cpp] version {lib=svt-av1 version="SVT-AV1 encoder v4.2.0"}
[info] [tid] [run] [main.cpp] version {lib=aom version="AOMedia Project AV1 Encoder v3.15.1"}
[info] [tid] [scheduler] [scheduler.cpp] start {files=27 workers=1 workers_resolved=1 stagger_ms=<ms> thread_budget=16 budget_bytes=<bytes> outputs=1 formats=jpeg template=$dir/$file mode=transcode}
[info] [tid] [sched] [scheduler.cpp] file start {index=0 src=tests/golden/base/anim.gif stagger_offset_ms=<ms> stagger_ms=<ms>}
[info] [tid] [sched] [scheduler.cpp] thread alloc {index=0 alloc_files=16 encode_threads=1 active_files=1 sum_encode_threads=1 thread_budget=16}
[info] [tid] [pipeline] [pipeline.cpp] pixel budget acquired {src=tests/golden/base/anim.gif need_bytes=131072 capacity_bytes=<bytes> used_bytes=131072 peak_bytes=131072}
[info] [tid] [pipeline] [pipeline.cpp] output done {src=tests/golden/base/anim.gif out=".cache/regression/out-full-jpeg\\base\\anim.jpg" format=jpeg ok=true bytes=513 encode_ms=<ms> metawrite_ms=<ms> warnings=2}
[warning] [tid] [pipeline] [pipeline.cpp] output warning {src=tests/golden/base/anim.gif out=".cache/regression/out-full-jpeg\\base\\anim.jpg" detail="multipage or animated input: only the first page was decoded"}
[warning] [tid] [pipeline] [pipeline.cpp] output warning {src=tests/golden/base/anim.gif out=".cache/regression/out-full-jpeg\\base\\anim.jpg" detail="alpha composited onto background 1 for format 'jpeg'"}
[info] [tid] [pipeline] [pipeline.cpp] file done {src=tests/golden/base/anim.gif outputs=1 ok_outputs=1 bytes=0 decode_ms=<ms> orient_ms=<ms> color_ms=<ms> flatten_ms=<ms> encode_ms=<ms> metawrite_ms=<ms> verdict=Done warnings=0}
[info] [tid] [sched] [scheduler.cpp] file start {index=1 src=tests/golden/base/bmp24.bmp stagger_offset_ms=<ms> stagger_ms=<ms>}
[info] [tid] [sched] [scheduler.cpp] thread alloc {index=1 alloc_files=16 encode_threads=1 active_files=1 sum_encode_threads=1 thread_budget=16}
[info] [tid] [pipeline] [pipeline.cpp] pixel budget acquired {src=tests/golden/base/bmp24.bmp need_bytes=98304 capacity_bytes=<bytes> used_bytes=98304 peak_bytes=131072}
[info] [tid] [pipeline] [pipeline.cpp] output done {src=tests/golden/base/bmp24.bmp out=".cache/regression/out-full-jpeg\\base\\bmp24.jpg" format=jpeg ok=true bytes=513 encode_ms=<ms> metawrite_ms=<ms> warnings=0}
[info] [tid] [pipeline] [pipeline.cpp] file done {src=tests/golden/base/bmp24.bmp outputs=1 ok_outputs=1 bytes=0 decode_ms=<ms> orient_ms=<ms> color_ms=<ms> flatten_ms=<ms> encode_ms=<ms> metawrite_ms=<ms> verdict=Done warnings=0}
[info] [tid] [sched] [scheduler.cpp] file start {index=2 src=tests/golden/base/gray16.png stagger_offset_ms=<ms> stagger_ms=<ms>}
[info] [tid] [sched] [scheduler.cpp] thread alloc {index=2 alloc_files=16 encode_threads=1 active_files=1 sum_encode_threads=1 thread_budget=16}
[info] [tid] [pipeline] [pipeline.cpp] pixel budget acquired {src=tests/golden/base/gray16.png need_bytes=32768 capacity_bytes=<bytes> used_bytes=32768 peak_bytes=131072}
[info] [tid] [pipeline] [pipeline.cpp] output done {src=tests/golden/base/gray16.png out=".cache/regression/out-full-jpeg\\base\\gray16.jpg" format=jpeg ok=true bytes=270 encode_ms=<ms> metawrite_ms=<ms> warnings=1}
[warning] [tid] [pipeline] [pipeline.cpp] output warning {src=tests/golden/base/gray16.png out=".cache/regression/out-full-jpeg\\base\\gray16.jpg" detail="source bit depth 16 -> output bit depth 8"}
[info] [tid] [pipeline] [pipeline.cpp] file done {src=tests/golden/base/gray16.png outputs=1 ok_outputs=1 bytes=0 decode_ms=<ms> orient_ms=<ms> color_ms=<ms> flatten_ms=<ms> encode_ms=<ms> metawrite_ms=<ms> verdict=Done warnings=0}
[info] [tid] [sched] [scheduler.cpp] file start {index=3 src=tests/golden/base/gray16.tif stagger_offset_ms=<ms> stagger_ms=<ms>}
[info] [tid] [sched] [scheduler.cpp] thread alloc {index=3 alloc_files=16 encode_threads=1 active_files=1 sum_encode_threads=1 thread_budget=16}
[info] [tid] [pipeline] [pipeline.cpp] pixel budget acquired {src=tests/golden/base/gray16.tif need_bytes=32768 capacity_bytes=<bytes> used_bytes=32768 peak_bytes=131072}
[info] [tid] [pipeline] [pipeline.cpp] output done {src=tests/golden/base/gray16.tif out=".cache/regression/out-full-jpeg\\base\\gray16.jpg" format=jpeg ok=true bytes=270 encode_ms=<ms> metawrite_ms=<ms> warnings=1}
[warning] [tid] [pipeline] [pipeline.cpp] output warning {src=tests/golden/base/gray16.tif out=".cache/regression/out-full-jpeg\\base\\gray16.jpg" detail="source bit depth 16 -> output bit depth 8"}
[info] [tid] [pipeline] [pipeline.cpp] file done {src=tests/golden/base/gray16.tif outputs=1 ok_outputs=1 bytes=0 decode_ms=<ms> orient_ms=<ms> color_ms=<ms> flatten_ms=<ms> encode_ms=<ms> metawrite_ms=<ms> verdict=Done warnings=0}
[info] [tid] [sched] [scheduler.cpp] file start {index=4 src=tests/golden/base/gray8.png stagger_offset_ms=<ms> stagger_ms=<ms>}
[info] [tid] [sched] [scheduler.cpp] thread alloc {index=4 alloc_files=16 encode_threads=1 active_files=1 sum_encode_threads=1 thread_budget=16}
[info] [tid] [pipeline] [pipeline.cpp] pixel budget acquired {src=tests/golden/base/gray8.png need_bytes=32768 capacity_bytes=<bytes> used_bytes=32768 peak_bytes=131072}
[info] [tid] [pipeline] [pipeline.cpp] output done {src=tests/golden/base/gray8.png out=".cache/regression/out-full-jpeg\\base\\gray8.jpg" format=jpeg ok=true bytes=270 encode_ms=<ms> metawrite_ms=<ms> warnings=0}
[info] [tid] [pipeline] [pipeline.cpp] file done {src=tests/golden/base/gray8.png outputs=1 ok_outputs=1 bytes=0 decode_ms=<ms> orient_ms=<ms> color_ms=<ms> flatten_ms=<ms> encode_ms=<ms> metawrite_ms=<ms> verdict=Done warnings=0}
[info] [tid] [sched] [scheduler.cpp] file start {index=5 src=tests/golden/base/graya8.png stagger_offset_ms=<ms> stagger_ms=<ms>}
[info] [tid] [sched] [scheduler.cpp] thread alloc {index=5 alloc_files=16 encode_threads=1 active_files=1 sum_encode_threads=1 thread_budget=16}
[info] [tid] [pipeline] [pipeline.cpp] pixel budget acquired {src=tests/golden/base/graya8.png need_bytes=65536 capacity_bytes=<bytes> used_bytes=65536 peak_bytes=131072}
[info] [tid] [pipeline] [pipeline.cpp] output done {src=tests/golden/base/graya8.png out=".cache/regression/out-full-jpeg\\base\\graya8.jpg" format=jpeg ok=true bytes=191 encode_ms=<ms> metawrite_ms=<ms> warnings=1}
[warning] [tid] [pipeline] [pipeline.cpp] output warning {src=tests/golden/base/graya8.png out=".cache/regression/out-full-jpeg\\base\\graya8.jpg" detail="alpha composited onto background 1 for format 'jpeg'"}
[info] [tid] [pipeline] [pipeline.cpp] file done {src=tests/golden/base/graya8.png outputs=1 ok_outputs=1 bytes=0 decode_ms=<ms> orient_ms=<ms> color_ms=<ms> flatten_ms=<ms> encode_ms=<ms> metawrite_ms=<ms> verdict=Done warnings=0}
[info] [tid] [sched] [scheduler.cpp] file start {index=6 src=tests/golden/base/jxl8.jxl stagger_offset_ms=<ms> stagger_ms=<ms>}
[info] [tid] [sched] [scheduler.cpp] thread alloc {index=6 alloc_files=16 encode_threads=1 active_files=1 sum_encode_threads=1 thread_budget=16}
[info] [tid] [pipeline] [pipeline.cpp] CICP (1,13) → sRGB {src=tests/golden/base/jxl8.jxl}
[info] [tid] [pipeline] [pipeline.cpp] pixel budget acquired {src=tests/golden/base/jxl8.jxl need_bytes=98304 capacity_bytes=<bytes> used_bytes=98304 peak_bytes=131072}
[info] [tid] [pipeline] [pipeline.cpp] output done {src=tests/golden/base/jxl8.jxl out=".cache/regression/out-full-jpeg\\base\\jxl8.jpg" format=jpeg ok=true bytes=1035 encode_ms=<ms> metawrite_ms=<ms> warnings=0}
[info] [tid] [pipeline] [pipeline.cpp] file done {src=tests/golden/base/jxl8.jxl outputs=1 ok_outputs=1 bytes=0 decode_ms=<ms> orient_ms=<ms> color_ms=<ms> flatten_ms=<ms> encode_ms=<ms> metawrite_ms=<ms> verdict=Done warnings=0}
[info] [tid] [sched] [scheduler.cpp] file start {index=7 src=tests/golden/base/multi.tif stagger_offset_ms=<ms> stagger_ms=<ms>}
[info] [tid] [sched] [scheduler.cpp] thread alloc {index=7 alloc_files=16 encode_threads=1 active_files=1 sum_encode_threads=1 thread_budget=16}
[info] [tid] [pipeline] [pipeline.cpp] pixel budget acquired {src=tests/golden/base/multi.tif need_bytes=98304 capacity_bytes=<bytes> used_bytes=98304 peak_bytes=131072}
[info] [tid] [pipeline] [pipeline.cpp] output done {src=tests/golden/base/multi.tif out=".cache/regression/out-full-jpeg\\base\\multi.jpg" format=jpeg ok=true bytes=513 encode_ms=<ms> metawrite_ms=<ms> warnings=1}
[warning] [tid] [pipeline] [pipeline.cpp] output warning {src=tests/golden/base/multi.tif out=".cache/regression/out-full-jpeg\\base\\multi.jpg" detail="multipage or animated input: only the first page was decoded"}
[info] [tid] [pipeline] [pipeline.cpp] file done {src=tests/golden/base/multi.tif outputs=1 ok_outputs=1 bytes=0 decode_ms=<ms> orient_ms=<ms> color_ms=<ms> flatten_ms=<ms> encode_ms=<ms> metawrite_ms=<ms> verdict=Done warnings=0}
[info] [tid] [sched] [scheduler.cpp] file start {index=8 src=tests/golden/base/photo.jpg stagger_offset_ms=<ms> stagger_ms=<ms>}
[info] [tid] [sched] [scheduler.cpp] thread alloc {index=8 alloc_files=16 encode_threads=1 active_files=1 sum_encode_threads=1 thread_budget=16}
[info] [tid] [pipeline] [pipeline.cpp] pixel budget acquired {src=tests/golden/base/photo.jpg need_bytes=98304 capacity_bytes=<bytes> used_bytes=98304 peak_bytes=131072}
[info] [tid] [pipeline] [pipeline.cpp] output done {src=tests/golden/base/photo.jpg out=".cache/regression/out-full-jpeg\\base\\photo.jpg" format=jpeg ok=true bytes=513 encode_ms=<ms> metawrite_ms=<ms> warnings=0}
[info] [tid] [pipeline] [pipeline.cpp] file done {src=tests/golden/base/photo.jpg outputs=1 ok_outputs=1 bytes=0 decode_ms=<ms> orient_ms=<ms> color_ms=<ms> flatten_ms=<ms> encode_ms=<ms> metawrite_ms=<ms> verdict=Done warnings=0}
[info] [tid] [sched] [scheduler.cpp] file start {index=9 src=tests/golden/base/rgb16.png stagger_offset_ms=<ms> stagger_ms=<ms>}
[info] [tid] [sched] [scheduler.cpp] thread alloc {index=9 alloc_files=16 encode_threads=1 active_files=1 sum_encode_threads=1 thread_budget=16}
[info] [tid] [pipeline] [pipeline.cpp] pixel budget acquired {src=tests/golden/base/rgb16.png need_bytes=98304 capacity_bytes=<bytes> used_bytes=98304 peak_bytes=131072}
[info] [tid] [pipeline] [pipeline.cpp] output done {src=tests/golden/base/rgb16.png out=".cache/regression/out-full-jpeg\\base\\rgb16.jpg" format=jpeg ok=true bytes=513 encode_ms=<ms> metawrite_ms=<ms> warnings=1}
[warning] [tid] [pipeline] [pipeline.cpp] output warning {src=tests/golden/base/rgb16.png out=".cache/regression/out-full-jpeg\\base\\rgb16.jpg" detail="source bit depth 16 -> output bit depth 8"}
[info] [tid] [pipeline] [pipeline.cpp] file done {src=tests/golden/base/rgb16.png outputs=1 ok_outputs=1 bytes=0 decode_ms=<ms> orient_ms=<ms> color_ms=<ms> flatten_ms=<ms> encode_ms=<ms> metawrite_ms=<ms> verdict=Done warnings=0}
[info] [tid] [sched] [scheduler.cpp] file start {index=10 src=tests/golden/base/rgb16.tif stagger_offset_ms=<ms> stagger_ms=<ms>}
[info] [tid] [sched] [scheduler.cpp] thread alloc {index=10 alloc_files=16 encode_threads=1 active_files=1 sum_encode_threads=1 thread_budget=16}
[info] [tid] [pipeline] [pipeline.cpp] pixel budget acquired {src=tests/golden/base/rgb16.tif need_bytes=98304 capacity_bytes=<bytes> used_bytes=98304 peak_bytes=131072}
[info] [tid] [pipeline] [pipeline.cpp] output done {src=tests/golden/base/rgb16.tif out=".cache/regression/out-full-jpeg\\base\\rgb16.jpg" format=jpeg ok=true bytes=513 encode_ms=<ms> metawrite_ms=<ms> warnings=1}
[warning] [tid] [pipeline] [pipeline.cpp] output warning {src=tests/golden/base/rgb16.tif out=".cache/regression/out-full-jpeg\\base\\rgb16.jpg" detail="source bit depth 16 -> output bit depth 8"}
[info] [tid] [pipeline] [pipeline.cpp] file done {src=tests/golden/base/rgb16.tif outputs=1 ok_outputs=1 bytes=0 decode_ms=<ms> orient_ms=<ms> color_ms=<ms> flatten_ms=<ms> encode_ms=<ms> metawrite_ms=<ms> verdict=Done warnings=0}
[info] [tid] [sched] [scheduler.cpp] file start {index=11 src=tests/golden/base/rgb8.png stagger_offset_ms=<ms> stagger_ms=<ms>}
[info] [tid] [sched] [scheduler.cpp] thread alloc {index=11 alloc_files=16 encode_threads=1 active_files=1 sum_encode_threads=1 thread_budget=16}
[info] [tid] [pipeline] [pipeline.cpp] pixel budget acquired {src=tests/golden/base/rgb8.png need_bytes=98304 capacity_bytes=<bytes> used_bytes=98304 peak_bytes=131072}
[info] [tid] [pipeline] [pipeline.cpp] output done {src=tests/golden/base/rgb8.png out=".cache/regression/out-full-jpeg\\base\\rgb8.jpg" format=jpeg ok=true bytes=513 encode_ms=<ms> metawrite_ms=<ms> warnings=0}
[info] [tid] [pipeline] [pipeline.cpp] file done {src=tests/golden/base/rgb8.png outputs=1 ok_outputs=1 bytes=0 decode_ms=<ms> orient_ms=<ms> color_ms=<ms> flatten_ms=<ms> encode_ms=<ms> metawrite_ms=<ms> verdict=Done warnings=0}
[info] [tid] [sched] [scheduler.cpp] file start {index=12 src=tests/golden/base/rgb8.tif stagger_offset_ms=<ms> stagger_ms=<ms>}
[info] [tid] [sched] [scheduler.cpp] thread alloc {index=12 alloc_files=15 encode_threads=1 active_files=1 sum_encode_threads=1 thread_budget=16}
[info] [tid] [pipeline] [pipeline.cpp] pixel budget acquired {src=tests/golden/base/rgb8.tif need_bytes=98304 capacity_bytes=<bytes> used_bytes=98304 peak_bytes=131072}
[info] [tid] [pipeline] [pipeline.cpp] output done {src=tests/golden/base/rgb8.tif out=".cache/regression/out-full-jpeg\\base\\rgb8.jpg" format=jpeg ok=true bytes=513 encode_ms=<ms> metawrite_ms=<ms> warnings=0}
[info] [tid] [pipeline] [pipeline.cpp] file done {src=tests/golden/base/rgb8.tif outputs=1 ok_outputs=1 bytes=0 decode_ms=<ms> orient_ms=<ms> color_ms=<ms> flatten_ms=<ms> encode_ms=<ms> metawrite_ms=<ms> verdict=Done warnings=0}
[info] [tid] [sched] [scheduler.cpp] file start {index=13 src=tests/golden/base/rgba16.png stagger_offset_ms=<ms> stagger_ms=<ms>}
[info] [tid] [sched] [scheduler.cpp] thread alloc {index=13 alloc_files=14 encode_threads=1 active_files=1 sum_encode_threads=1 thread_budget=16}
[info] [tid] [pipeline] [pipeline.cpp] pixel budget acquired {src=tests/golden/base/rgba16.png need_bytes=131072 capacity_bytes=<bytes> used_bytes=131072 peak_bytes=131072}
[info] [tid] [pipeline] [pipeline.cpp] output done {src=tests/golden/base/rgba16.png out=".cache/regression/out-full-jpeg\\base\\rgba16.jpg" format=jpeg ok=true bytes=435 encode_ms=<ms> metawrite_ms=<ms> warnings=2}
[warning] [tid] [pipeline] [pipeline.cpp] output warning {src=tests/golden/base/rgba16.png out=".cache/regression/out-full-jpeg\\base\\rgba16.jpg" detail="alpha composited onto background 1 for format 'jpeg'"}
[warning] [tid] [pipeline] [pipeline.cpp] output warning {src=tests/golden/base/rgba16.png out=".cache/regression/out-full-jpeg\\base\\rgba16.jpg" detail="source bit depth 16 -> output bit depth 8"}
[info] [tid] [pipeline] [pipeline.cpp] file done {src=tests/golden/base/rgba16.png outputs=1 ok_outputs=1 bytes=0 decode_ms=<ms> orient_ms=<ms> color_ms=<ms> flatten_ms=<ms> encode_ms=<ms> metawrite_ms=<ms> verdict=Done warnings=0}
[info] [tid] [sched] [scheduler.cpp] file start {index=14 src=tests/golden/base/rgba8.png stagger_offset_ms=<ms> stagger_ms=<ms>}
[info] [tid] [sched] [scheduler.cpp] thread alloc {index=14 alloc_files=13 encode_threads=1 active_files=1 sum_encode_threads=1 thread_budget=16}
[info] [tid] [pipeline] [pipeline.cpp] pixel budget acquired {src=tests/golden/base/rgba8.png need_bytes=131072 capacity_bytes=<bytes> used_bytes=131072 peak_bytes=131072}
[info] [tid] [pipeline] [pipeline.cpp] output done {src=tests/golden/base/rgba8.png out=".cache/regression/out-full-jpeg\\base\\rgba8.jpg" format=jpeg ok=true bytes=435 encode_ms=<ms> metawrite_ms=<ms> warnings=1}
[warning] [tid] [pipeline] [pipeline.cpp] output warning {src=tests/golden/base/rgba8.png out=".cache/regression/out-full-jpeg\\base\\rgba8.jpg" detail="alpha composited onto background 1 for format 'jpeg'"}
[info] [tid] [pipeline] [pipeline.cpp] file done {src=tests/golden/base/rgba8.png outputs=1 ok_outputs=1 bytes=0 decode_ms=<ms> orient_ms=<ms> color_ms=<ms> flatten_ms=<ms> encode_ms=<ms> metawrite_ms=<ms> verdict=Done warnings=0}
[info] [tid] [sched] [scheduler.cpp] file start {index=15 src=tests/golden/base/targa.tga stagger_offset_ms=<ms> stagger_ms=<ms>}
[info] [tid] [sched] [scheduler.cpp] thread alloc {index=15 alloc_files=12 encode_threads=1 active_files=1 sum_encode_threads=1 thread_budget=16}
[info] [tid] [pipeline] [pipeline.cpp] pixel budget acquired {src=tests/golden/base/targa.tga need_bytes=98304 capacity_bytes=<bytes> used_bytes=98304 peak_bytes=131072}
[info] [tid] [pipeline] [pipeline.cpp] output done {src=tests/golden/base/targa.tga out=".cache/regression/out-full-jpeg\\base\\targa.jpg" format=jpeg ok=true bytes=513 encode_ms=<ms> metawrite_ms=<ms> warnings=0}
[info] [tid] [pipeline] [pipeline.cpp] file done {src=tests/golden/base/targa.tga outputs=1 ok_outputs=1 bytes=0 decode_ms=<ms> orient_ms=<ms> color_ms=<ms> flatten_ms=<ms> encode_ms=<ms> metawrite_ms=<ms> verdict=Done warnings=0}
[info] [tid] [sched] [scheduler.cpp] file start {index=16 src=tests/golden/edge/cmyk.tif stagger_offset_ms=<ms> stagger_ms=<ms>}
[info] [tid] [sched] [scheduler.cpp] file start {index=17 src=tests/golden/edge/corrupt_trunc.jpg stagger_offset_ms=<ms> stagger_ms=<ms>}
[info] [tid] [sched] [scheduler.cpp] file start {index=18 src=tests/golden/edge/corrupt_zero.png stagger_offset_ms=<ms> stagger_ms=<ms>}
[info] [tid] [sched] [scheduler.cpp] file start {index=19 src=tests/golden/edge/测试📸unicode.png stagger_offset_ms=<ms> stagger_ms=<ms>}
[info] [tid] [sched] [scheduler.cpp] thread alloc {index=19 alloc_files=8 encode_threads=2 active_files=1 sum_encode_threads=2 thread_budget=16}
[info] [tid] [pipeline] [pipeline.cpp] pixel budget acquired {src=tests/golden/edge/测试📸unicode.png need_bytes=98304 capacity_bytes=<bytes> used_bytes=98304 peak_bytes=131072}
[info] [tid] [Encode] [enc_jpegli.cpp] encoder has no internal threading; encode_threads ignored {encoder=jpegli encode_threads=2}
[info] [tid] [pipeline] [pipeline.cpp] output done {src=tests/golden/edge/测试📸unicode.png out=".cache/regression/out-full-jpeg\\edge\\测试📸unicode.jpg" format=jpeg ok=true bytes=513 encode_ms=<ms> metawrite_ms=<ms> warnings=0}
[info] [tid] [pipeline] [pipeline.cpp] file done {src=tests/golden/edge/测试📸unicode.png outputs=1 ok_outputs=1 bytes=0 decode_ms=<ms> orient_ms=<ms> color_ms=<ms> flatten_ms=<ms> encode_ms=<ms> metawrite_ms=<ms> verdict=Done warnings=0}
[info] [tid] [sched] [scheduler.cpp] file start {index=20 src=tests/golden/meta/avif_exif.avif stagger_offset_ms=<ms> stagger_ms=<ms>}
[info] [tid] [sched] [scheduler.cpp] thread alloc {index=20 alloc_files=7 encode_threads=2 active_files=1 sum_encode_threads=2 thread_budget=16}
[info] [tid] [pipeline] [pipeline.cpp] pixel budget acquired {src=tests/golden/meta/avif_exif.avif need_bytes=98304 capacity_bytes=<bytes> used_bytes=98304 peak_bytes=131072}
[info] [tid] [Encode] [enc_jpegli.cpp] encoder has no internal threading; encode_threads ignored {encoder=jpegli encode_threads=2}
[info] [tid] [pipeline] [pipeline.cpp] output done {src=tests/golden/meta/avif_exif.avif out=".cache/regression/out-full-jpeg\\meta\\avif_exif.jpg" format=jpeg ok=true bytes=952 encode_ms=<ms> metawrite_ms=<ms> warnings=0}
[info] [tid] [pipeline] [pipeline.cpp] file done {src=tests/golden/meta/avif_exif.avif outputs=1 ok_outputs=1 bytes=0 decode_ms=<ms> orient_ms=<ms> color_ms=<ms> flatten_ms=<ms> encode_ms=<ms> metawrite_ms=<ms> verdict=Done warnings=0}
[info] [tid] [sched] [scheduler.cpp] file start {index=21 src=tests/golden/meta/cmyk.tif stagger_offset_ms=<ms> stagger_ms=<ms>}
[info] [tid] [sched] [scheduler.cpp] file start {index=22 src=tests/golden/meta/exif_full.jpg stagger_offset_ms=<ms> stagger_ms=<ms>}
[info] [tid] [sched] [scheduler.cpp] thread alloc {index=22 alloc_files=5 encode_threads=3 active_files=1 sum_encode_threads=3 thread_budget=16}
[info] [tid] [pipeline] [pipeline.cpp] pixel budget acquired {src=tests/golden/meta/exif_full.jpg need_bytes=98304 capacity_bytes=<bytes> used_bytes=98304 peak_bytes=131072}
[info] [tid] [Encode] [enc_jpegli.cpp] encoder has no internal threading; encode_threads ignored {encoder=jpegli encode_threads=3}
[info] [tid] [pipeline] [pipeline.cpp] output done {src=tests/golden/meta/exif_full.jpg out=".cache/regression/out-full-jpeg\\meta\\exif_full.jpg" format=jpeg ok=true bytes=957 encode_ms=<ms> metawrite_ms=<ms> warnings=0}
[info] [tid] [pipeline] [pipeline.cpp] file done {src=tests/golden/meta/exif_full.jpg outputs=1 ok_outputs=1 bytes=0 decode_ms=<ms> orient_ms=<ms> color_ms=<ms> flatten_ms=<ms> encode_ms=<ms> metawrite_ms=<ms> verdict=Done warnings=0}
[info] [tid] [sched] [scheduler.cpp] file start {index=23 src=tests/golden/meta/heif_exif.heic stagger_offset_ms=<ms> stagger_ms=<ms>}
[info] [tid] [sched] [scheduler.cpp] thread alloc {index=23 alloc_files=4 encode_threads=4 active_files=1 sum_encode_threads=4 thread_budget=16}
[info] [tid] [pipeline] [pipeline.cpp] pixel budget acquired {src=tests/golden/meta/heif_exif.heic need_bytes=98304 capacity_bytes=<bytes> used_bytes=98304 peak_bytes=131072}
[info] [tid] [Encode] [enc_jpegli.cpp] encoder has no internal threading; encode_threads ignored {encoder=jpegli encode_threads=4}
[info] [tid] [pipeline] [pipeline.cpp] output done {src=tests/golden/meta/heif_exif.heic out=".cache/regression/out-full-jpeg\\meta\\heif_exif.jpg" format=jpeg ok=true bytes=968 encode_ms=<ms> metawrite_ms=<ms> warnings=0}
[info] [tid] [pipeline] [pipeline.cpp] file done {src=tests/golden/meta/heif_exif.heic outputs=1 ok_outputs=1 bytes=0 decode_ms=<ms> orient_ms=<ms> color_ms=<ms> flatten_ms=<ms> encode_ms=<ms> metawrite_ms=<ms> verdict=Done warnings=0}
[info] [tid] [sched] [scheduler.cpp] file start {index=24 src=tests/golden/meta/jxl_exif.jxl stagger_offset_ms=<ms> stagger_ms=<ms>}
[info] [tid] [sched] [scheduler.cpp] thread alloc {index=24 alloc_files=3 encode_threads=5 active_files=1 sum_encode_threads=5 thread_budget=16}
[info] [tid] [pipeline] [pipeline.cpp] CICP (1,13) → sRGB {src=tests/golden/meta/jxl_exif.jxl}
[info] [tid] [pipeline] [pipeline.cpp] pixel budget acquired {src=tests/golden/meta/jxl_exif.jxl need_bytes=98304 capacity_bytes=<bytes> used_bytes=98304 peak_bytes=131072}
[info] [tid] [Encode] [enc_jpegli.cpp] encoder has no internal threading; encode_threads ignored {encoder=jpegli encode_threads=5}
[info] [tid] [pipeline] [pipeline.cpp] output done {src=tests/golden/meta/jxl_exif.jxl out=".cache/regression/out-full-jpeg\\meta\\jxl_exif.jpg" format=jpeg ok=true bytes=1469 encode_ms=<ms> metawrite_ms=<ms> warnings=0}
[info] [tid] [pipeline] [pipeline.cpp] file done {src=tests/golden/meta/jxl_exif.jxl outputs=1 ok_outputs=1 bytes=0 decode_ms=<ms> orient_ms=<ms> color_ms=<ms> flatten_ms=<ms> encode_ms=<ms> metawrite_ms=<ms> verdict=Done warnings=0}
[info] [tid] [sched] [scheduler.cpp] file start {index=25 src=tests/golden/meta/webp_lossless.webp stagger_offset_ms=<ms> stagger_ms=<ms>}
[info] [tid] [sched] [scheduler.cpp] thread alloc {index=25 alloc_files=2 encode_threads=8 active_files=1 sum_encode_threads=8 thread_budget=16}
[info] [tid] [pipeline] [pipeline.cpp] pixel budget acquired {src=tests/golden/meta/webp_lossless.webp need_bytes=98304 capacity_bytes=<bytes> used_bytes=98304 peak_bytes=131072}
[info] [tid] [Encode] [enc_jpegli.cpp] encoder has no internal threading; encode_threads ignored {encoder=jpegli encode_threads=8}
[info] [tid] [pipeline] [pipeline.cpp] output done {src=tests/golden/meta/webp_lossless.webp out=".cache/regression/out-full-jpeg\\meta\\webp_lossless.jpg" format=jpeg ok=true bytes=957 encode_ms=<ms> metawrite_ms=<ms> warnings=0}
[info] [tid] [pipeline] [pipeline.cpp] file done {src=tests/golden/meta/webp_lossless.webp outputs=1 ok_outputs=1 bytes=0 decode_ms=<ms> orient_ms=<ms> color_ms=<ms> flatten_ms=<ms> encode_ms=<ms> metawrite_ms=<ms> verdict=Done warnings=0}
[info] [tid] [sched] [scheduler.cpp] file start {index=26 src=tests/golden/meta/webp_lossy.webp stagger_offset_ms=<ms> stagger_ms=<ms>}
[info] [tid] [sched] [scheduler.cpp] thread alloc {index=26 alloc_files=1 encode_threads=16 active_files=1 sum_encode_threads=16 thread_budget=16}
[info] [tid] [pipeline] [pipeline.cpp] pixel budget acquired {src=tests/golden/meta/webp_lossy.webp need_bytes=98304 capacity_bytes=<bytes> used_bytes=98304 peak_bytes=131072}
[info] [tid] [Encode] [enc_jpegli.cpp] encoder has no internal threading; encode_threads ignored {encoder=jpegli encode_threads=16}
[info] [tid] [pipeline] [pipeline.cpp] output done {src=tests/golden/meta/webp_lossy.webp out=".cache/regression/out-full-jpeg\\meta\\webp_lossy.jpg" format=jpeg ok=true bytes=897 encode_ms=<ms> metawrite_ms=<ms> warnings=0}
[info] [tid] [pipeline] [pipeline.cpp] file done {src=tests/golden/meta/webp_lossy.webp outputs=1 ok_outputs=1 bytes=0 decode_ms=<ms> orient_ms=<ms> color_ms=<ms> flatten_ms=<ms> encode_ms=<ms> metawrite_ms=<ms> verdict=Done warnings=0}
[info] [tid] [scheduler] [scheduler.cpp] e3 report {thread_budget=16 stagger_ms=<ms> peak_active_files=1 peak_sum_encode_threads=16 active_files_end=0 files_done=27}
[info] [tid] [run] [main.cpp] run summary {files=27 ok=23 failed=4 skipped=0 cancelled=0 bytes=14236 total_ms=<ms> throughput_mb_s=<val> avg_file_ms=<ms>}
photopipeline --dev
  format=jpeg backend=(first) tech=(first) lossless=false bitdepth=8 color=keep conflict=overwrite
  out=.cache/regression/out-full-jpeg workers=1 files=27 metadata_only=false params=[adaptive_quantization=true arith_code=false chroma=444 cicp_transfer_function=2 dct_method=0 distance=1 optimize_coding=true progressive=true psnr_target=0 quality=90 quality_mode=distance restart_in_rows=0 smoothing_factor=0 std_quant_tables=false xyb_mode=false]

file                                           state          bytes        ms  warnings
tests/golden/base/anim.gif ok 513 <ms> MultipageTruncated,AlphaFlattened
tests/golden/base/bmp24.bmp ok 513 <ms>
tests/golden/base/gray16.png ok 270 <ms> DepthDowngrade
tests/golden/base/gray16.tif ok 270 <ms> DepthDowngrade
tests/golden/base/gray8.png ok 270 <ms>
tests/golden/base/graya8.png ok 191 <ms> AlphaFlattened
tests/golden/base/jxl8.jxl ok 1035 <ms>
tests/golden/base/multi.tif ok 513 <ms> MultipageTruncated
tests/golden/base/photo.jpg ok 513 <ms>
tests/golden/base/rgb16.png ok 513 <ms> DepthDowngrade
tests/golden/base/rgb16.tif ok 513 <ms> DepthDowngrade
tests/golden/base/rgb8.png ok 513 <ms>
tests/golden/base/rgb8.tif ok 513 <ms>
tests/golden/base/rgba16.png ok 435 <ms> AlphaFlattened,DepthDowngrade
tests/golden/base/rgba8.png ok 435 <ms> AlphaFlattened
tests/golden/base/targa.tga ok 513 <ms>
tests/golden/edge/cmyk.tif failed 0 <ms>
    error: probe failed: CMYK input is not supported
tests/golden/edge/corrupt_trunc.jpg failed 0 <ms>
    error: probe failed: JPEG error: <repo>\vcpkg\buildtrees\libjpeg-turbo\src\56c1f52a20-f26ed ("tests/golden/edge/corrupt_trunc.jpg")
tests/golden/edge/corrupt_zero.png failed 0 <ms>
    error: probe failed: Not a PNG file
tests/golden/edge/测试📸unicode.png ok 513 <ms>
tests/golden/meta/avif_exif.avif ok 952 <ms>
tests/golden/meta/cmyk.tif failed 0 <ms>
    error: probe failed: CMYK input is not supported
tests/golden/meta/exif_full.jpg ok 957 <ms>
tests/golden/meta/heif_exif.heic ok 968 <ms>
tests/golden/meta/jxl_exif.jxl ok 1469 <ms>
tests/golden/meta/webp_lossless.webp ok 957 <ms>
tests/golden/meta/webp_lossy.webp ok 897 <ms>

SUMMARY files=27 ok=23 failed=4 skipped=0 cancelled=0 bytes=14236 total_ms=<ms> throughput_mb_s=<val> avg_file_ms=<ms>
EXIT 4 (failed files)
### run full-jxl rc=4 args=--format jxl
[info] [tid] [run] [main.cpp] run start {outputs=jxl output_count=1 template=$dir/$file lossless=false color=keep conflict=overwrite workers=1 files=27 metadata_only=false out=.cache/regression/out-full-jxl params="codestream_level=10 decoding_speed=0 distance=1 dots=true effort=7 epf=2 gaborish=true group_order=-1 keep_invisible=true lossless=false patches=true photon_noise=0 progressive_ac=false progressive_dc=-1 qprogressive_ac=false resampling=-1"}
[info] [tid] [run] [main.cpp] version {lib=app version=0.2.0}
[info] [tid] [run] [main.cpp] version {lib=qt version=6.11.2}
[info] [tid] [run] [main.cpp] version {lib=oiio version=3.1.17.0}
[info] [tid] [run] [main.cpp] version {lib=jpegli version=031a0077}
[info] [tid] [run] [main.cpp] version {lib=libjxl version=0x00002ee0}
[info] [tid] [run] [main.cpp] version {lib=libheif version=1.23.5}
[info] [tid] [run] [main.cpp] version {lib=exiv2 version=0.28.9}
[info] [tid] [run] [main.cpp] version {lib=lcms2 version=2190}
[info] [tid] [run] [main.cpp] version {lib=webp version=1.6.0}
[info] [tid] [run] [main.cpp] version {lib=tiff version="LIBTIFF, Version 4.7.2"}
[info] [tid] [run] [main.cpp] version {lib=x265 version="x265 HEVC encoder (4.3-vcpkg)"}
[info] [tid] [run] [main.cpp] version {lib=svt-av1 version="SVT-AV1 encoder v4.2.0"}
[info] [tid] [run] [main.cpp] version {lib=aom version="AOMedia Project AV1 Encoder v3.15.1"}
[info] [tid] [scheduler] [scheduler.cpp] start {files=27 workers=1 workers_resolved=1 stagger_ms=<ms> thread_budget=16 budget_bytes=<bytes> outputs=1 formats=jxl template=$dir/$file mode=transcode}
[info] [tid] [sched] [scheduler.cpp] file start {index=0 src=tests/golden/base/anim.gif stagger_offset_ms=<ms> stagger_ms=<ms>}
[info] [tid] [sched] [scheduler.cpp] thread alloc {index=0 alloc_files=16 encode_threads=1 active_files=1 sum_encode_threads=1 thread_budget=16}
[info] [tid] [pipeline] [pipeline.cpp] pixel budget acquired {src=tests/golden/base/anim.gif need_bytes=131072 capacity_bytes=<bytes> used_bytes=131072 peak_bytes=131072}
[info] [tid] [pipeline] [pipeline.cpp] output done {src=tests/golden/base/anim.gif out=".cache/regression/out-full-jxl\\base\\anim.jxl" format=jxl ok=true bytes=902 encode_ms=<ms> metawrite_ms=<ms> warnings=1}
[warning] [tid] [pipeline] [pipeline.cpp] output warning {src=tests/golden/base/anim.gif out=".cache/regression/out-full-jxl\\base\\anim.jxl" detail="multipage or animated input: only the first page was decoded"}
[info] [tid] [pipeline] [pipeline.cpp] file done {src=tests/golden/base/anim.gif outputs=1 ok_outputs=1 bytes=0 decode_ms=<ms> orient_ms=<ms> color_ms=<ms> flatten_ms=<ms> encode_ms=<ms> metawrite_ms=<ms> verdict=Done warnings=0}
[info] [tid] [sched] [scheduler.cpp] file start {index=1 src=tests/golden/base/bmp24.bmp stagger_offset_ms=<ms> stagger_ms=<ms>}
[info] [tid] [sched] [scheduler.cpp] thread alloc {index=1 alloc_files=16 encode_threads=1 active_files=1 sum_encode_threads=1 thread_budget=16}
[info] [tid] [pipeline] [pipeline.cpp] pixel budget acquired {src=tests/golden/base/bmp24.bmp need_bytes=98304 capacity_bytes=<bytes> used_bytes=98304 peak_bytes=131072}
[info] [tid] [pipeline] [pipeline.cpp] output done {src=tests/golden/base/bmp24.bmp out=".cache/regression/out-full-jxl\\base\\bmp24.jxl" format=jxl ok=true bytes=886 encode_ms=<ms> metawrite_ms=<ms> warnings=0}
[info] [tid] [pipeline] [pipeline.cpp] file done {src=tests/golden/base/bmp24.bmp outputs=1 ok_outputs=1 bytes=0 decode_ms=<ms> orient_ms=<ms> color_ms=<ms> flatten_ms=<ms> encode_ms=<ms> metawrite_ms=<ms> verdict=Done warnings=0}
[info] [tid] [sched] [scheduler.cpp] file start {index=2 src=tests/golden/base/gray16.png stagger_offset_ms=<ms> stagger_ms=<ms>}
[info] [tid] [sched] [scheduler.cpp] thread alloc {index=2 alloc_files=16 encode_threads=1 active_files=1 sum_encode_threads=1 thread_budget=16}
[info] [tid] [pipeline] [pipeline.cpp] pixel budget acquired {src=tests/golden/base/gray16.png need_bytes=32768 capacity_bytes=<bytes> used_bytes=32768 peak_bytes=131072}
[info] [tid] [pipeline] [pipeline.cpp] output done {src=tests/golden/base/gray16.png out=".cache/regression/out-full-jxl\\base\\gray16.jxl" format=jxl ok=true bytes=990 encode_ms=<ms> metawrite_ms=<ms> warnings=0}
[info] [tid] [pipeline] [pipeline.cpp] file done {src=tests/golden/base/gray16.png outputs=1 ok_outputs=1 bytes=0 decode_ms=<ms> orient_ms=<ms> color_ms=<ms> flatten_ms=<ms> encode_ms=<ms> metawrite_ms=<ms> verdict=Done warnings=0}
[info] [tid] [sched] [scheduler.cpp] file start {index=3 src=tests/golden/base/gray16.tif stagger_offset_ms=<ms> stagger_ms=<ms>}
[info] [tid] [sched] [scheduler.cpp] thread alloc {index=3 alloc_files=16 encode_threads=1 active_files=1 sum_encode_threads=1 thread_budget=16}
[info] [tid] [pipeline] [pipeline.cpp] pixel budget acquired {src=tests/golden/base/gray16.tif need_bytes=32768 capacity_bytes=<bytes> used_bytes=32768 peak_bytes=131072}
[info] [tid] [pipeline] [pipeline.cpp] output done {src=tests/golden/base/gray16.tif out=".cache/regression/out-full-jxl\\base\\gray16.jxl" format=jxl ok=true bytes=1130 encode_ms=<ms> metawrite_ms=<ms> warnings=0}
[info] [tid] [pipeline] [pipeline.cpp] file done {src=tests/golden/base/gray16.tif outputs=1 ok_outputs=1 bytes=0 decode_ms=<ms> orient_ms=<ms> color_ms=<ms> flatten_ms=<ms> encode_ms=<ms> metawrite_ms=<ms> verdict=Done warnings=0}
[info] [tid] [sched] [scheduler.cpp] file start {index=4 src=tests/golden/base/gray8.png stagger_offset_ms=<ms> stagger_ms=<ms>}
[info] [tid] [sched] [scheduler.cpp] thread alloc {index=4 alloc_files=16 encode_threads=1 active_files=1 sum_encode_threads=1 thread_budget=16}
[info] [tid] [pipeline] [pipeline.cpp] pixel budget acquired {src=tests/golden/base/gray8.png need_bytes=32768 capacity_bytes=<bytes> used_bytes=32768 peak_bytes=131072}
[info] [tid] [pipeline] [pipeline.cpp] output done {src=tests/golden/base/gray8.png out=".cache/regression/out-full-jxl\\base\\gray8.jxl" format=jxl ok=true bytes=990 encode_ms=<ms> metawrite_ms=<ms> warnings=0}
[info] [tid] [pipeline] [pipeline.cpp] file done {src=tests/golden/base/gray8.png outputs=1 ok_outputs=1 bytes=0 decode_ms=<ms> orient_ms=<ms> color_ms=<ms> flatten_ms=<ms> encode_ms=<ms> metawrite_ms=<ms> verdict=Done warnings=0}
[info] [tid] [sched] [scheduler.cpp] file start {index=5 src=tests/golden/base/graya8.png stagger_offset_ms=<ms> stagger_ms=<ms>}
[info] [tid] [sched] [scheduler.cpp] thread alloc {index=5 alloc_files=16 encode_threads=1 active_files=1 sum_encode_threads=1 thread_budget=16}
[info] [tid] [pipeline] [pipeline.cpp] pixel budget acquired {src=tests/golden/base/graya8.png need_bytes=65536 capacity_bytes=<bytes> used_bytes=65536 peak_bytes=131072}
[info] [tid] [pipeline] [pipeline.cpp] output done {src=tests/golden/base/graya8.png out=".cache/regression/out-full-jxl\\base\\graya8.jxl" format=jxl ok=true bytes=1043 encode_ms=<ms> metawrite_ms=<ms> warnings=0}
[info] [tid] [pipeline] [pipeline.cpp] file done {src=tests/golden/base/graya8.png outputs=1 ok_outputs=1 bytes=0 decode_ms=<ms> orient_ms=<ms> color_ms=<ms> flatten_ms=<ms> encode_ms=<ms> metawrite_ms=<ms> verdict=Done warnings=0}
[info] [tid] [sched] [scheduler.cpp] file start {index=6 src=tests/golden/base/jxl8.jxl stagger_offset_ms=<ms> stagger_ms=<ms>}
[info] [tid] [sched] [scheduler.cpp] thread alloc {index=6 alloc_files=16 encode_threads=1 active_files=1 sum_encode_threads=1 thread_budget=16}
[info] [tid] [pipeline] [pipeline.cpp] CICP (1,13) → sRGB {src=tests/golden/base/jxl8.jxl}
[info] [tid] [pipeline] [pipeline.cpp] pixel budget acquired {src=tests/golden/base/jxl8.jxl need_bytes=98304 capacity_bytes=<bytes> used_bytes=98304 peak_bytes=131072}
[info] [tid] [pipeline] [pipeline.cpp] output done {src=tests/golden/base/jxl8.jxl out=".cache/regression/out-full-jxl\\base\\jxl8.jxl" format=jxl ok=true bytes=1501 encode_ms=<ms> metawrite_ms=<ms> warnings=0}
[info] [tid] [pipeline] [pipeline.cpp] file done {src=tests/golden/base/jxl8.jxl outputs=1 ok_outputs=1 bytes=0 decode_ms=<ms> orient_ms=<ms> color_ms=<ms> flatten_ms=<ms> encode_ms=<ms> metawrite_ms=<ms> verdict=Done warnings=0}
[info] [tid] [sched] [scheduler.cpp] file start {index=7 src=tests/golden/base/multi.tif stagger_offset_ms=<ms> stagger_ms=<ms>}
[info] [tid] [sched] [scheduler.cpp] thread alloc {index=7 alloc_files=16 encode_threads=1 active_files=1 sum_encode_threads=1 thread_budget=16}
[info] [tid] [pipeline] [pipeline.cpp] pixel budget acquired {src=tests/golden/base/multi.tif need_bytes=98304 capacity_bytes=<bytes> used_bytes=98304 peak_bytes=131072}
[info] [tid] [pipeline] [pipeline.cpp] output done {src=tests/golden/base/multi.tif out=".cache/regression/out-full-jxl\\base\\multi.jxl" format=jxl ok=true bytes=1496 encode_ms=<ms> metawrite_ms=<ms> warnings=1}
[warning] [tid] [pipeline] [pipeline.cpp] output warning {src=tests/golden/base/multi.tif out=".cache/regression/out-full-jxl\\base\\multi.jxl" detail="multipage or animated input: only the first page was decoded"}
[info] [tid] [pipeline] [pipeline.cpp] file done {src=tests/golden/base/multi.tif outputs=1 ok_outputs=1 bytes=0 decode_ms=<ms> orient_ms=<ms> color_ms=<ms> flatten_ms=<ms> encode_ms=<ms> metawrite_ms=<ms> verdict=Done warnings=0}
[info] [tid] [sched] [scheduler.cpp] file start {index=8 src=tests/golden/base/photo.jpg stagger_offset_ms=<ms> stagger_ms=<ms>}
[info] [tid] [sched] [scheduler.cpp] thread alloc {index=8 alloc_files=16 encode_threads=1 active_files=1 sum_encode_threads=1 thread_budget=16}
[info] [tid] [pipeline] [pipeline.cpp] pixel budget acquired {src=tests/golden/base/photo.jpg need_bytes=98304 capacity_bytes=<bytes> used_bytes=98304 peak_bytes=131072}
[info] [tid] [pipeline] [pipeline.cpp] output done {src=tests/golden/base/photo.jpg out=".cache/regression/out-full-jxl\\base\\photo.jxl" format=jxl ok=true bytes=988 encode_ms=<ms> metawrite_ms=<ms> warnings=0}
[info] [tid] [pipeline] [pipeline.cpp] file done {src=tests/golden/base/photo.jpg outputs=1 ok_outputs=1 bytes=0 decode_ms=<ms> orient_ms=<ms> color_ms=<ms> flatten_ms=<ms> encode_ms=<ms> metawrite_ms=<ms> verdict=Done warnings=0}
[info] [tid] [sched] [scheduler.cpp] file start {index=9 src=tests/golden/base/rgb16.png stagger_offset_ms=<ms> stagger_ms=<ms>}
[info] [tid] [sched] [scheduler.cpp] thread alloc {index=9 alloc_files=16 encode_threads=1 active_files=1 sum_encode_threads=1 thread_budget=16}
[info] [tid] [pipeline] [pipeline.cpp] pixel budget acquired {src=tests/golden/base/rgb16.png need_bytes=98304 capacity_bytes=<bytes> used_bytes=98304 peak_bytes=131072}
[info] [tid] [pipeline] [pipeline.cpp] output done {src=tests/golden/base/rgb16.png out=".cache/regression/out-full-jxl\\base\\rgb16.jxl" format=jxl ok=true bytes=988 encode_ms=<ms> metawrite_ms=<ms> warnings=0}
[info] [tid] [pipeline] [pipeline.cpp] file done {src=tests/golden/base/rgb16.png outputs=1 ok_outputs=1 bytes=0 decode_ms=<ms> orient_ms=<ms> color_ms=<ms> flatten_ms=<ms> encode_ms=<ms> metawrite_ms=<ms> verdict=Done warnings=0}
[info] [tid] [sched] [scheduler.cpp] file start {index=10 src=tests/golden/base/rgb16.tif stagger_offset_ms=<ms> stagger_ms=<ms>}
[info] [tid] [sched] [scheduler.cpp] thread alloc {index=10 alloc_files=16 encode_threads=1 active_files=1 sum_encode_threads=1 thread_budget=16}
[info] [tid] [pipeline] [pipeline.cpp] pixel budget acquired {src=tests/golden/base/rgb16.tif need_bytes=98304 capacity_bytes=<bytes> used_bytes=98304 peak_bytes=131072}
[info] [tid] [pipeline] [pipeline.cpp] output done {src=tests/golden/base/rgb16.tif out=".cache/regression/out-full-jxl\\base\\rgb16.jxl" format=jxl ok=true bytes=1140 encode_ms=<ms> metawrite_ms=<ms> warnings=0}
[info] [tid] [pipeline] [pipeline.cpp] file done {src=tests/golden/base/rgb16.tif outputs=1 ok_outputs=1 bytes=0 decode_ms=<ms> orient_ms=<ms> color_ms=<ms> flatten_ms=<ms> encode_ms=<ms> metawrite_ms=<ms> verdict=Done warnings=0}
[info] [tid] [sched] [scheduler.cpp] file start {index=11 src=tests/golden/base/rgb8.png stagger_offset_ms=<ms> stagger_ms=<ms>}
[info] [tid] [sched] [scheduler.cpp] thread alloc {index=11 alloc_files=16 encode_threads=1 active_files=1 sum_encode_threads=1 thread_budget=16}
[info] [tid] [pipeline] [pipeline.cpp] pixel budget acquired {src=tests/golden/base/rgb8.png need_bytes=98304 capacity_bytes=<bytes> used_bytes=98304 peak_bytes=131072}
[info] [tid] [pipeline] [pipeline.cpp] output done {src=tests/golden/base/rgb8.png out=".cache/regression/out-full-jxl\\base\\rgb8.jxl" format=jxl ok=true bytes=988 encode_ms=<ms> metawrite_ms=<ms> warnings=0}
[info] [tid] [pipeline] [pipeline.cpp] file done {src=tests/golden/base/rgb8.png outputs=1 ok_outputs=1 bytes=0 decode_ms=<ms> orient_ms=<ms> color_ms=<ms> flatten_ms=<ms> encode_ms=<ms> metawrite_ms=<ms> verdict=Done warnings=0}
[info] [tid] [sched] [scheduler.cpp] file start {index=12 src=tests/golden/base/rgb8.tif stagger_offset_ms=<ms> stagger_ms=<ms>}
[info] [tid] [sched] [scheduler.cpp] thread alloc {index=12 alloc_files=15 encode_threads=1 active_files=1 sum_encode_threads=1 thread_budget=16}
[info] [tid] [pipeline] [pipeline.cpp] pixel budget acquired {src=tests/golden/base/rgb8.tif need_bytes=98304 capacity_bytes=<bytes> used_bytes=98304 peak_bytes=131072}
[info] [tid] [pipeline] [pipeline.cpp] output done {src=tests/golden/base/rgb8.tif out=".cache/regression/out-full-jxl\\base\\rgb8.jxl" format=jxl ok=true bytes=1140 encode_ms=<ms> metawrite_ms=<ms> warnings=0}
[info] [tid] [pipeline] [pipeline.cpp] file done {src=tests/golden/base/rgb8.tif outputs=1 ok_outputs=1 bytes=0 decode_ms=<ms> orient_ms=<ms> color_ms=<ms> flatten_ms=<ms> encode_ms=<ms> metawrite_ms=<ms> verdict=Done warnings=0}
[info] [tid] [sched] [scheduler.cpp] file start {index=13 src=tests/golden/base/rgba16.png stagger_offset_ms=<ms> stagger_ms=<ms>}
[info] [tid] [sched] [scheduler.cpp] thread alloc {index=13 alloc_files=14 encode_threads=1 active_files=1 sum_encode_threads=1 thread_budget=16}
[info] [tid] [pipeline] [pipeline.cpp] pixel budget acquired {src=tests/golden/base/rgba16.png need_bytes=131072 capacity_bytes=<bytes> used_bytes=131072 peak_bytes=131072}
[info] [tid] [pipeline] [pipeline.cpp] output done {src=tests/golden/base/rgba16.png out=".cache/regression/out-full-jxl\\base\\rgba16.jxl" format=jxl ok=true bytes=1041 encode_ms=<ms> metawrite_ms=<ms> warnings=0}
[info] [tid] [pipeline] [pipeline.cpp] file done {src=tests/golden/base/rgba16.png outputs=1 ok_outputs=1 bytes=0 decode_ms=<ms> orient_ms=<ms> color_ms=<ms> flatten_ms=<ms> encode_ms=<ms> metawrite_ms=<ms> verdict=Done warnings=0}
[info] [tid] [sched] [scheduler.cpp] file start {index=14 src=tests/golden/base/rgba8.png stagger_offset_ms=<ms> stagger_ms=<ms>}
[info] [tid] [sched] [scheduler.cpp] thread alloc {index=14 alloc_files=13 encode_threads=1 active_files=1 sum_encode_threads=1 thread_budget=16}
[info] [tid] [pipeline] [pipeline.cpp] pixel budget acquired {src=tests/golden/base/rgba8.png need_bytes=131072 capacity_bytes=<bytes> used_bytes=131072 peak_bytes=131072}
[info] [tid] [pipeline] [pipeline.cpp] output done {src=tests/golden/base/rgba8.png out=".cache/regression/out-full-jxl\\base\\rgba8.jxl" format=jxl ok=true bytes=1041 encode_ms=<ms> metawrite_ms=<ms> warnings=0}
[info] [tid] [pipeline] [pipeline.cpp] file done {src=tests/golden/base/rgba8.png outputs=1 ok_outputs=1 bytes=0 decode_ms=<ms> orient_ms=<ms> color_ms=<ms> flatten_ms=<ms> encode_ms=<ms> metawrite_ms=<ms> verdict=Done warnings=0}
[info] [tid] [sched] [scheduler.cpp] file start {index=15 src=tests/golden/base/targa.tga stagger_offset_ms=<ms> stagger_ms=<ms>}
[info] [tid] [sched] [scheduler.cpp] thread alloc {index=15 alloc_files=12 encode_threads=1 active_files=1 sum_encode_threads=1 thread_budget=16}
[info] [tid] [pipeline] [pipeline.cpp] pixel budget acquired {src=tests/golden/base/targa.tga need_bytes=98304 capacity_bytes=<bytes> used_bytes=98304 peak_bytes=131072}
[info] [tid] [pipeline] [pipeline.cpp] output done {src=tests/golden/base/targa.tga out=".cache/regression/out-full-jxl\\base\\targa.jxl" format=jxl ok=true bytes=886 encode_ms=<ms> metawrite_ms=<ms> warnings=0}
[info] [tid] [pipeline] [pipeline.cpp] file done {src=tests/golden/base/targa.tga outputs=1 ok_outputs=1 bytes=0 decode_ms=<ms> orient_ms=<ms> color_ms=<ms> flatten_ms=<ms> encode_ms=<ms> metawrite_ms=<ms> verdict=Done warnings=0}
[info] [tid] [sched] [scheduler.cpp] file start {index=16 src=tests/golden/edge/cmyk.tif stagger_offset_ms=<ms> stagger_ms=<ms>}
[info] [tid] [sched] [scheduler.cpp] file start {index=17 src=tests/golden/edge/corrupt_trunc.jpg stagger_offset_ms=<ms> stagger_ms=<ms>}
[info] [tid] [sched] [scheduler.cpp] file start {index=18 src=tests/golden/edge/corrupt_zero.png stagger_offset_ms=<ms> stagger_ms=<ms>}
[info] [tid] [sched] [scheduler.cpp] file start {index=19 src=tests/golden/edge/测试📸unicode.png stagger_offset_ms=<ms> stagger_ms=<ms>}
[info] [tid] [sched] [scheduler.cpp] thread alloc {index=19 alloc_files=8 encode_threads=2 active_files=1 sum_encode_threads=2 thread_budget=16}
[info] [tid] [pipeline] [pipeline.cpp] pixel budget acquired {src=tests/golden/edge/测试📸unicode.png need_bytes=98304 capacity_bytes=<bytes> used_bytes=98304 peak_bytes=131072}
[info] [tid] [Encode] [enc_jxl.cpp] parallel runner created {encoder=jxl threads=2}
[info] [tid] [pipeline] [pipeline.cpp] output done {src=tests/golden/edge/测试📸unicode.png out=".cache/regression/out-full-jxl\\edge\\测试📸unicode.jxl" format=jxl ok=true bytes=988 encode_ms=<ms> metawrite_ms=<ms> warnings=0}
[info] [tid] [pipeline] [pipeline.cpp] file done {src=tests/golden/edge/测试📸unicode.png outputs=1 ok_outputs=1 bytes=0 decode_ms=<ms> orient_ms=<ms> color_ms=<ms> flatten_ms=<ms> encode_ms=<ms> metawrite_ms=<ms> verdict=Done warnings=0}
[info] [tid] [sched] [scheduler.cpp] file start {index=20 src=tests/golden/meta/avif_exif.avif stagger_offset_ms=<ms> stagger_ms=<ms>}
[info] [tid] [sched] [scheduler.cpp] thread alloc {index=20 alloc_files=7 encode_threads=2 active_files=1 sum_encode_threads=2 thread_budget=16}
[info] [tid] [pipeline] [pipeline.cpp] pixel budget acquired {src=tests/golden/meta/avif_exif.avif need_bytes=98304 capacity_bytes=<bytes> used_bytes=98304 peak_bytes=131072}
[info] [tid] [Encode] [enc_jxl.cpp] parallel runner created {encoder=jxl threads=2}
[info] [tid] [pipeline] [pipeline.cpp] output done {src=tests/golden/meta/avif_exif.avif out=".cache/regression/out-full-jxl\\meta\\avif_exif.jxl" format=jxl ok=true bytes=555 encode_ms=<ms> metawrite_ms=<ms> warnings=0}
[info] [tid] [pipeline] [pipeline.cpp] file done {src=tests/golden/meta/avif_exif.avif outputs=1 ok_outputs=1 bytes=0 decode_ms=<ms> orient_ms=<ms> color_ms=<ms> flatten_ms=<ms> encode_ms=<ms> metawrite_ms=<ms> verdict=Done warnings=0}
[info] [tid] [sched] [scheduler.cpp] file start {index=21 src=tests/golden/meta/cmyk.tif stagger_offset_ms=<ms> stagger_ms=<ms>}
[info] [tid] [sched] [scheduler.cpp] file start {index=22 src=tests/golden/meta/exif_full.jpg stagger_offset_ms=<ms> stagger_ms=<ms>}
[info] [tid] [sched] [scheduler.cpp] thread alloc {index=22 alloc_files=5 encode_threads=3 active_files=1 sum_encode_threads=3 thread_budget=16}
[info] [tid] [pipeline] [pipeline.cpp] pixel budget acquired {src=tests/golden/meta/exif_full.jpg need_bytes=98304 capacity_bytes=<bytes> used_bytes=98304 peak_bytes=131072}
[info] [tid] [Encode] [enc_jxl.cpp] parallel runner created {encoder=jxl threads=3}
[info] [tid] [pipeline] [pipeline.cpp] output done {src=tests/golden/meta/exif_full.jpg out=".cache/regression/out-full-jxl\\meta\\exif_full.jxl" format=jxl ok=true bytes=571 encode_ms=<ms> metawrite_ms=<ms> warnings=0}
[info] [tid] [pipeline] [pipeline.cpp] file done {src=tests/golden/meta/exif_full.jpg outputs=1 ok_outputs=1 bytes=0 decode_ms=<ms> orient_ms=<ms> color_ms=<ms> flatten_ms=<ms> encode_ms=<ms> metawrite_ms=<ms> verdict=Done warnings=0}
[info] [tid] [sched] [scheduler.cpp] file start {index=23 src=tests/golden/meta/heif_exif.heic stagger_offset_ms=<ms> stagger_ms=<ms>}
[info] [tid] [sched] [scheduler.cpp] thread alloc {index=23 alloc_files=4 encode_threads=4 active_files=1 sum_encode_threads=4 thread_budget=16}
[info] [tid] [pipeline] [pipeline.cpp] pixel budget acquired {src=tests/golden/meta/heif_exif.heic need_bytes=98304 capacity_bytes=<bytes> used_bytes=98304 peak_bytes=131072}
[info] [tid] [Encode] [enc_jxl.cpp] parallel runner created {encoder=jxl threads=4}
[info] [tid] [pipeline] [pipeline.cpp] output done {src=tests/golden/meta/heif_exif.heic out=".cache/regression/out-full-jxl\\meta\\heif_exif.jxl" format=jxl ok=true bytes=543 encode_ms=<ms> metawrite_ms=<ms> warnings=0}
[info] [tid] [pipeline] [pipeline.cpp] file done {src=tests/golden/meta/heif_exif.heic outputs=1 ok_outputs=1 bytes=0 decode_ms=<ms> orient_ms=<ms> color_ms=<ms> flatten_ms=<ms> encode_ms=<ms> metawrite_ms=<ms> verdict=Done warnings=0}
[info] [tid] [sched] [scheduler.cpp] file start {index=24 src=tests/golden/meta/jxl_exif.jxl stagger_offset_ms=<ms> stagger_ms=<ms>}
[info] [tid] [sched] [scheduler.cpp] thread alloc {index=24 alloc_files=3 encode_threads=5 active_files=1 sum_encode_threads=5 thread_budget=16}
[info] [tid] [pipeline] [pipeline.cpp] CICP (1,13) → sRGB {src=tests/golden/meta/jxl_exif.jxl}
[info] [tid] [pipeline] [pipeline.cpp] pixel budget acquired {src=tests/golden/meta/jxl_exif.jxl need_bytes=98304 capacity_bytes=<bytes> used_bytes=98304 peak_bytes=131072}
[info] [tid] [Encode] [enc_jxl.cpp] parallel runner created {encoder=jxl threads=5}
[info] [tid] [pipeline] [pipeline.cpp] output done {src=tests/golden/meta/jxl_exif.jxl out=".cache/regression/out-full-jxl\\meta\\jxl_exif.jxl" format=jxl ok=true bytes=3652 encode_ms=<ms> metawrite_ms=<ms> warnings=0}
[info] [tid] [pipeline] [pipeline.cpp] file done {src=tests/golden/meta/jxl_exif.jxl outputs=1 ok_outputs=1 bytes=0 decode_ms=<ms> orient_ms=<ms> color_ms=<ms> flatten_ms=<ms> encode_ms=<ms> metawrite_ms=<ms> verdict=Done warnings=0}
[info] [tid] [sched] [scheduler.cpp] file start {index=25 src=tests/golden/meta/webp_lossless.webp stagger_offset_ms=<ms> stagger_ms=<ms>}
[info] [tid] [sched] [scheduler.cpp] thread alloc {index=25 alloc_files=2 encode_threads=8 active_files=1 sum_encode_threads=8 thread_budget=16}
[info] [tid] [pipeline] [pipeline.cpp] pixel budget acquired {src=tests/golden/meta/webp_lossless.webp need_bytes=98304 capacity_bytes=<bytes> used_bytes=98304 peak_bytes=131072}
[info] [tid] [Encode] [enc_jxl.cpp] parallel runner created {encoder=jxl threads=8}
[info] [tid] [pipeline] [pipeline.cpp] output done {src=tests/golden/meta/webp_lossless.webp out=".cache/regression/out-full-jxl\\meta\\webp_lossless.jxl" format=jxl ok=true bytes=330 encode_ms=<ms> metawrite_ms=<ms> warnings=0}
[info] [tid] [pipeline] [pipeline.cpp] file done {src=tests/golden/meta/webp_lossless.webp outputs=1 ok_outputs=1 bytes=0 decode_ms=<ms> orient_ms=<ms> color_ms=<ms> flatten_ms=<ms> encode_ms=<ms> metawrite_ms=<ms> verdict=Done warnings=0}
[info] [tid] [sched] [scheduler.cpp] file start {index=26 src=tests/golden/meta/webp_lossy.webp stagger_offset_ms=<ms> stagger_ms=<ms>}
[info] [tid] [sched] [scheduler.cpp] thread alloc {index=26 alloc_files=1 encode_threads=16 active_files=1 sum_encode_threads=16 thread_budget=16}
[info] [tid] [pipeline] [pipeline.cpp] pixel budget acquired {src=tests/golden/meta/webp_lossy.webp need_bytes=98304 capacity_bytes=<bytes> used_bytes=98304 peak_bytes=131072}
[info] [tid] [Encode] [enc_jxl.cpp] parallel runner created {encoder=jxl threads=16}
[info] [tid] [pipeline] [pipeline.cpp] output done {src=tests/golden/meta/webp_lossy.webp out=".cache/regression/out-full-jxl\\meta\\webp_lossy.jxl" format=jxl ok=true bytes=420 encode_ms=<ms> metawrite_ms=<ms> warnings=0}
[info] [tid] [pipeline] [pipeline.cpp] file done {src=tests/golden/meta/webp_lossy.webp outputs=1 ok_outputs=1 bytes=0 decode_ms=<ms> orient_ms=<ms> color_ms=<ms> flatten_ms=<ms> encode_ms=<ms> metawrite_ms=<ms> verdict=Done warnings=0}
[info] [tid] [scheduler] [scheduler.cpp] e3 report {thread_budget=16 stagger_ms=<ms> peak_active_files=1 peak_sum_encode_threads=16 active_files_end=0 files_done=27}
[info] [tid] [run] [main.cpp] run summary {files=27 ok=23 failed=4 skipped=0 cancelled=0 bytes=24209 total_ms=<ms> throughput_mb_s=<val> avg_file_ms=<ms>}
photopipeline --dev
  format=jxl backend=(first) tech=(first) lossless=false bitdepth=16 color=keep conflict=overwrite
  out=.cache/regression/out-full-jxl workers=1 files=27 metadata_only=false params=[codestream_level=10 decoding_speed=0 distance=1 dots=true effort=7 epf=2 gaborish=true group_order=-1 keep_invisible=true lossless=false patches=true photon_noise=0 progressive_ac=false progressive_dc=-1 qprogressive_ac=false resampling=-1]

file                                           state          bytes        ms  warnings
tests/golden/base/anim.gif ok 902 <ms> MultipageTruncated
tests/golden/base/bmp24.bmp ok 886 <ms>
tests/golden/base/gray16.png ok 990 <ms>
tests/golden/base/gray16.tif ok 1130 <ms>
tests/golden/base/gray8.png ok 990 <ms>
tests/golden/base/graya8.png ok 1043 <ms>
tests/golden/base/jxl8.jxl ok 1501 <ms>
tests/golden/base/multi.tif ok 1496 <ms> MultipageTruncated
tests/golden/base/photo.jpg ok 988 <ms>
tests/golden/base/rgb16.png ok 988 <ms>
tests/golden/base/rgb16.tif ok 1140 <ms>
tests/golden/base/rgb8.png ok 988 <ms>
tests/golden/base/rgb8.tif ok 1140 <ms>
tests/golden/base/rgba16.png ok 1041 <ms>
tests/golden/base/rgba8.png ok 1041 <ms>
tests/golden/base/targa.tga ok 886 <ms>
tests/golden/edge/cmyk.tif failed 0 <ms>
    error: probe failed: CMYK input is not supported
tests/golden/edge/corrupt_trunc.jpg failed 0 <ms>
    error: probe failed: JPEG error: <repo>\vcpkg\buildtrees\libjpeg-turbo\src\56c1f52a20-f26ed ("tests/golden/edge/corrupt_trunc.jpg")
tests/golden/edge/corrupt_zero.png failed 0 <ms>
    error: probe failed: Not a PNG file
tests/golden/edge/测试📸unicode.png ok 988 <ms>
tests/golden/meta/avif_exif.avif ok 555 <ms>
tests/golden/meta/cmyk.tif failed 0 <ms>
    error: probe failed: CMYK input is not supported
tests/golden/meta/exif_full.jpg ok 571 <ms>
tests/golden/meta/heif_exif.heic ok 543 <ms>
tests/golden/meta/jxl_exif.jxl ok 3652 <ms>
tests/golden/meta/webp_lossless.webp ok 330 <ms>
tests/golden/meta/webp_lossy.webp ok 420 <ms>

SUMMARY files=27 ok=23 failed=4 skipped=0 cancelled=0 bytes=24209 total_ms=<ms> throughput_mb_s=<val> avg_file_ms=<ms>
EXIT 4 (failed files)
### run full-png rc=4 args=--format png
[info] [tid] [run] [main.cpp] run start {outputs=png output_count=1 template=$dir/$file lossless=false color=keep conflict=overwrite workers=1 files=27 metadata_only=false out=.cache/regression/out-full-png params=compressionLevel=6}
[info] [tid] [run] [main.cpp] version {lib=app version=0.2.0}
[info] [tid] [run] [main.cpp] version {lib=qt version=6.11.2}
[info] [tid] [run] [main.cpp] version {lib=oiio version=3.1.17.0}
[info] [tid] [run] [main.cpp] version {lib=jpegli version=031a0077}
[info] [tid] [run] [main.cpp] version {lib=libjxl version=0x00002ee0}
[info] [tid] [run] [main.cpp] version {lib=libheif version=1.23.5}
[info] [tid] [run] [main.cpp] version {lib=exiv2 version=0.28.9}
[info] [tid] [run] [main.cpp] version {lib=lcms2 version=2190}
[info] [tid] [run] [main.cpp] version {lib=webp version=1.6.0}
[info] [tid] [run] [main.cpp] version {lib=tiff version="LIBTIFF, Version 4.7.2"}
[info] [tid] [run] [main.cpp] version {lib=x265 version="x265 HEVC encoder (4.3-vcpkg)"}
[info] [tid] [run] [main.cpp] version {lib=svt-av1 version="SVT-AV1 encoder v4.2.0"}
[info] [tid] [run] [main.cpp] version {lib=aom version="AOMedia Project AV1 Encoder v3.15.1"}
[info] [tid] [scheduler] [scheduler.cpp] start {files=27 workers=1 workers_resolved=1 stagger_ms=<ms> thread_budget=16 budget_bytes=<bytes> outputs=1 formats=png template=$dir/$file mode=transcode}
[info] [tid] [sched] [scheduler.cpp] file start {index=0 src=tests/golden/base/anim.gif stagger_offset_ms=<ms> stagger_ms=<ms>}
[info] [tid] [sched] [scheduler.cpp] thread alloc {index=0 alloc_files=16 encode_threads=1 active_files=1 sum_encode_threads=1 thread_budget=16}
[info] [tid] [pipeline] [pipeline.cpp] pixel budget acquired {src=tests/golden/base/anim.gif need_bytes=131072 capacity_bytes=<bytes> used_bytes=131072 peak_bytes=131072}
[info] [tid] [pipeline] [pipeline.cpp] output done {src=tests/golden/base/anim.gif out=".cache/regression/out-full-png\\base\\anim.png" format=png ok=true bytes=399 encode_ms=<ms> metawrite_ms=<ms> warnings=1}
[warning] [tid] [pipeline] [pipeline.cpp] output warning {src=tests/golden/base/anim.gif out=".cache/regression/out-full-png\\base\\anim.png" detail="multipage or animated input: only the first page was decoded"}
[info] [tid] [pipeline] [pipeline.cpp] file done {src=tests/golden/base/anim.gif outputs=1 ok_outputs=1 bytes=0 decode_ms=<ms> orient_ms=<ms> color_ms=<ms> flatten_ms=<ms> encode_ms=<ms> metawrite_ms=<ms> verdict=Done warnings=0}
[info] [tid] [sched] [scheduler.cpp] file start {index=1 src=tests/golden/base/bmp24.bmp stagger_offset_ms=<ms> stagger_ms=<ms>}
[info] [tid] [sched] [scheduler.cpp] thread alloc {index=1 alloc_files=16 encode_threads=1 active_files=1 sum_encode_threads=1 thread_budget=16}
[info] [tid] [pipeline] [pipeline.cpp] pixel budget acquired {src=tests/golden/base/bmp24.bmp need_bytes=98304 capacity_bytes=<bytes> used_bytes=98304 peak_bytes=131072}
[info] [tid] [pipeline] [pipeline.cpp] output done {src=tests/golden/base/bmp24.bmp out=".cache/regression/out-full-png\\base\\bmp24.png" format=png ok=true bytes=379 encode_ms=<ms> metawrite_ms=<ms> warnings=0}
[info] [tid] [pipeline] [pipeline.cpp] file done {src=tests/golden/base/bmp24.bmp outputs=1 ok_outputs=1 bytes=0 decode_ms=<ms> orient_ms=<ms> color_ms=<ms> flatten_ms=<ms> encode_ms=<ms> metawrite_ms=<ms> verdict=Done warnings=0}
[info] [tid] [sched] [scheduler.cpp] file start {index=2 src=tests/golden/base/gray16.png stagger_offset_ms=<ms> stagger_ms=<ms>}
[info] [tid] [sched] [scheduler.cpp] thread alloc {index=2 alloc_files=16 encode_threads=1 active_files=1 sum_encode_threads=1 thread_budget=16}
[info] [tid] [pipeline] [pipeline.cpp] pixel budget acquired {src=tests/golden/base/gray16.png need_bytes=32768 capacity_bytes=<bytes> used_bytes=32768 peak_bytes=131072}
[info] [tid] [pipeline] [pipeline.cpp] output done {src=tests/golden/base/gray16.png out=".cache/regression/out-full-png\\base\\gray16.png" format=png ok=true bytes=262 encode_ms=<ms> metawrite_ms=<ms> warnings=0}
[info] [tid] [pipeline] [pipeline.cpp] file done {src=tests/golden/base/gray16.png outputs=1 ok_outputs=1 bytes=0 decode_ms=<ms> orient_ms=<ms> color_ms=<ms> flatten_ms=<ms> encode_ms=<ms> metawrite_ms=<ms> verdict=Done warnings=0}
[info] [tid] [sched] [scheduler.cpp] file start {index=3 src=tests/golden/base/gray16.tif stagger_offset_ms=<ms> stagger_ms=<ms>}
[info] [tid] [sched] [scheduler.cpp] thread alloc {index=3 alloc_files=16 encode_threads=1 active_files=1 sum_encode_threads=1 thread_budget=16}
[info] [tid] [pipeline] [pipeline.cpp] pixel budget acquired {src=tests/golden/base/gray16.tif need_bytes=32768 capacity_bytes=<bytes> used_bytes=32768 peak_bytes=131072}
[info] [tid] [pipeline] [pipeline.cpp] output done {src=tests/golden/base/gray16.tif out=".cache/regression/out-full-png\\base\\gray16.png" format=png ok=true bytes=262 encode_ms=<ms> metawrite_ms=<ms> warnings=0}
[info] [tid] [pipeline] [pipeline.cpp] file done {src=tests/golden/base/gray16.tif outputs=1 ok_outputs=1 bytes=0 decode_ms=<ms> orient_ms=<ms> color_ms=<ms> flatten_ms=<ms> encode_ms=<ms> metawrite_ms=<ms> verdict=Done warnings=0}
[info] [tid] [sched] [scheduler.cpp] file start {index=4 src=tests/golden/base/gray8.png stagger_offset_ms=<ms> stagger_ms=<ms>}
[info] [tid] [sched] [scheduler.cpp] thread alloc {index=4 alloc_files=16 encode_threads=1 active_files=1 sum_encode_threads=1 thread_budget=16}
[info] [tid] [pipeline] [pipeline.cpp] pixel budget acquired {src=tests/golden/base/gray8.png need_bytes=32768 capacity_bytes=<bytes> used_bytes=32768 peak_bytes=131072}
[info] [tid] [pipeline] [pipeline.cpp] output done {src=tests/golden/base/gray8.png out=".cache/regression/out-full-png\\base\\gray8.png" format=png ok=true bytes=262 encode_ms=<ms> metawrite_ms=<ms> warnings=0}
[info] [tid] [pipeline] [pipeline.cpp] file done {src=tests/golden/base/gray8.png outputs=1 ok_outputs=1 bytes=0 decode_ms=<ms> orient_ms=<ms> color_ms=<ms> flatten_ms=<ms> encode_ms=<ms> metawrite_ms=<ms> verdict=Done warnings=0}
[info] [tid] [sched] [scheduler.cpp] file start {index=5 src=tests/golden/base/graya8.png stagger_offset_ms=<ms> stagger_ms=<ms>}
[info] [tid] [sched] [scheduler.cpp] thread alloc {index=5 alloc_files=16 encode_threads=1 active_files=1 sum_encode_threads=1 thread_budget=16}
[info] [tid] [pipeline] [pipeline.cpp] pixel budget acquired {src=tests/golden/base/graya8.png need_bytes=65536 capacity_bytes=<bytes> used_bytes=65536 peak_bytes=131072}
[info] [tid] [pipeline] [pipeline.cpp] output done {src=tests/golden/base/graya8.png out=".cache/regression/out-full-png\\base\\graya8.png" format=png ok=true bytes=362 encode_ms=<ms> metawrite_ms=<ms> warnings=0}
[info] [tid] [pipeline] [pipeline.cpp] file done {src=tests/golden/base/graya8.png outputs=1 ok_outputs=1 bytes=0 decode_ms=<ms> orient_ms=<ms> color_ms=<ms> flatten_ms=<ms> encode_ms=<ms> metawrite_ms=<ms> verdict=Done warnings=0}
[info] [tid] [sched] [scheduler.cpp] file start {index=6 src=tests/golden/base/jxl8.jxl stagger_offset_ms=<ms> stagger_ms=<ms>}
[info] [tid] [sched] [scheduler.cpp] thread alloc {index=6 alloc_files=16 encode_threads=1 active_files=1 sum_encode_threads=1 thread_budget=16}
[info] [tid] [pipeline] [pipeline.cpp] CICP (1,13) → sRGB {src=tests/golden/base/jxl8.jxl}
[info] [tid] [pipeline] [pipeline.cpp] pixel budget acquired {src=tests/golden/base/jxl8.jxl need_bytes=98304 capacity_bytes=<bytes> used_bytes=98304 peak_bytes=131072}
[info] [tid] [pipeline] [pipeline.cpp] output done {src=tests/golden/base/jxl8.jxl out=".cache/regression/out-full-png\\base\\jxl8.png" format=png ok=true bytes=727 encode_ms=<ms> metawrite_ms=<ms> warnings=0}
[info] [tid] [pipeline] [pipeline.cpp] file done {src=tests/golden/base/jxl8.jxl outputs=1 ok_outputs=1 bytes=0 decode_ms=<ms> orient_ms=<ms> color_ms=<ms> flatten_ms=<ms> encode_ms=<ms> metawrite_ms=<ms> verdict=Done warnings=0}
[info] [tid] [sched] [scheduler.cpp] file start {index=7 src=tests/golden/base/multi.tif stagger_offset_ms=<ms> stagger_ms=<ms>}
[info] [tid] [sched] [scheduler.cpp] thread alloc {index=7 alloc_files=16 encode_threads=1 active_files=1 sum_encode_threads=1 thread_budget=16}
[info] [tid] [pipeline] [pipeline.cpp] pixel budget acquired {src=tests/golden/base/multi.tif need_bytes=98304 capacity_bytes=<bytes> used_bytes=98304 peak_bytes=131072}
[info] [tid] [pipeline] [pipeline.cpp] output done {src=tests/golden/base/multi.tif out=".cache/regression/out-full-png\\base\\multi.png" format=png ok=true bytes=379 encode_ms=<ms> metawrite_ms=<ms> warnings=1}
[warning] [tid] [pipeline] [pipeline.cpp] output warning {src=tests/golden/base/multi.tif out=".cache/regression/out-full-png\\base\\multi.png" detail="multipage or animated input: only the first page was decoded"}
[info] [tid] [pipeline] [pipeline.cpp] file done {src=tests/golden/base/multi.tif outputs=1 ok_outputs=1 bytes=0 decode_ms=<ms> orient_ms=<ms> color_ms=<ms> flatten_ms=<ms> encode_ms=<ms> metawrite_ms=<ms> verdict=Done warnings=0}
[info] [tid] [sched] [scheduler.cpp] file start {index=8 src=tests/golden/base/photo.jpg stagger_offset_ms=<ms> stagger_ms=<ms>}
[info] [tid] [sched] [scheduler.cpp] thread alloc {index=8 alloc_files=16 encode_threads=1 active_files=1 sum_encode_threads=1 thread_budget=16}
[info] [tid] [pipeline] [pipeline.cpp] pixel budget acquired {src=tests/golden/base/photo.jpg need_bytes=98304 capacity_bytes=<bytes> used_bytes=98304 peak_bytes=131072}
[info] [tid] [pipeline] [pipeline.cpp] output done {src=tests/golden/base/photo.jpg out=".cache/regression/out-full-png\\base\\photo.png" format=png ok=true bytes=379 encode_ms=<ms> metawrite_ms=<ms> warnings=0}
[info] [tid] [pipeline] [pipeline.cpp] file done {src=tests/golden/base/photo.jpg outputs=1 ok_outputs=1 bytes=0 decode_ms=<ms> orient_ms=<ms> color_ms=<ms> flatten_ms=<ms> encode_ms=<ms> metawrite_ms=<ms> verdict=Done warnings=0}
[info] [tid] [sched] [scheduler.cpp] file start {index=9 src=tests/golden/base/rgb16.png stagger_offset_ms=<ms> stagger_ms=<ms>}
[info] [tid] [sched] [scheduler.cpp] thread alloc {index=9 alloc_files=16 encode_threads=1 active_files=1 sum_encode_threads=1 thread_budget=16}
[info] [tid] [pipeline] [pipeline.cpp] pixel budget acquired {src=tests/golden/base/rgb16.png need_bytes=98304 capacity_bytes=<bytes> used_bytes=98304 peak_bytes=131072}
[info] [tid] [pipeline] [pipeline.cpp] output done {src=tests/golden/base/rgb16.png out=".cache/regression/out-full-png\\base\\rgb16.png" format=png ok=true bytes=379 encode_ms=<ms> metawrite_ms=<ms> warnings=0}
[info] [tid] [pipeline] [pipeline.cpp] file done {src=tests/golden/base/rgb16.png outputs=1 ok_outputs=1 bytes=0 decode_ms=<ms> orient_ms=<ms> color_ms=<ms> flatten_ms=<ms> encode_ms=<ms> metawrite_ms=<ms> verdict=Done warnings=0}
[info] [tid] [sched] [scheduler.cpp] file start {index=10 src=tests/golden/base/rgb16.tif stagger_offset_ms=<ms> stagger_ms=<ms>}
[info] [tid] [sched] [scheduler.cpp] thread alloc {index=10 alloc_files=16 encode_threads=1 active_files=1 sum_encode_threads=1 thread_budget=16}
[info] [tid] [pipeline] [pipeline.cpp] pixel budget acquired {src=tests/golden/base/rgb16.tif need_bytes=98304 capacity_bytes=<bytes> used_bytes=98304 peak_bytes=131072}
[info] [tid] [pipeline] [pipeline.cpp] output done {src=tests/golden/base/rgb16.tif out=".cache/regression/out-full-png\\base\\rgb16.png" format=png ok=true bytes=379 encode_ms=<ms> metawrite_ms=<ms> warnings=0}
[info] [tid] [pipeline] [pipeline.cpp] file done {src=tests/golden/base/rgb16.tif outputs=1 ok_outputs=1 bytes=0 decode_ms=<ms> orient_ms=<ms> color_ms=<ms> flatten_ms=<ms> encode_ms=<ms> metawrite_ms=<ms> verdict=Done warnings=0}
[info] [tid] [sched] [scheduler.cpp] file start {index=11 src=tests/golden/base/rgb8.png stagger_offset_ms=<ms> stagger_ms=<ms>}
[info] [tid] [sched] [scheduler.cpp] thread alloc {index=11 alloc_files=16 encode_threads=1 active_files=1 sum_encode_threads=1 thread_budget=16}
[info] [tid] [pipeline] [pipeline.cpp] pixel budget acquired {src=tests/golden/base/rgb8.png need_bytes=98304 capacity_bytes=<bytes> used_bytes=98304 peak_bytes=131072}
[info] [tid] [pipeline] [pipeline.cpp] output done {src=tests/golden/base/rgb8.png out=".cache/regression/out-full-png\\base\\rgb8.png" format=png ok=true bytes=379 encode_ms=<ms> metawrite_ms=<ms> warnings=0}
[info] [tid] [pipeline] [pipeline.cpp] file done {src=tests/golden/base/rgb8.png outputs=1 ok_outputs=1 bytes=0 decode_ms=<ms> orient_ms=<ms> color_ms=<ms> flatten_ms=<ms> encode_ms=<ms> metawrite_ms=<ms> verdict=Done warnings=0}
[info] [tid] [sched] [scheduler.cpp] file start {index=12 src=tests/golden/base/rgb8.tif stagger_offset_ms=<ms> stagger_ms=<ms>}
[info] [tid] [sched] [scheduler.cpp] thread alloc {index=12 alloc_files=15 encode_threads=1 active_files=1 sum_encode_threads=1 thread_budget=16}
[info] [tid] [pipeline] [pipeline.cpp] pixel budget acquired {src=tests/golden/base/rgb8.tif need_bytes=98304 capacity_bytes=<bytes> used_bytes=98304 peak_bytes=131072}
[info] [tid] [pipeline] [pipeline.cpp] output done {src=tests/golden/base/rgb8.tif out=".cache/regression/out-full-png\\base\\rgb8.png" format=png ok=true bytes=379 encode_ms=<ms> metawrite_ms=<ms> warnings=0}
[info] [tid] [pipeline] [pipeline.cpp] file done {src=tests/golden/base/rgb8.tif outputs=1 ok_outputs=1 bytes=0 decode_ms=<ms> orient_ms=<ms> color_ms=<ms> flatten_ms=<ms> encode_ms=<ms> metawrite_ms=<ms> verdict=Done warnings=0}
[info] [tid] [sched] [scheduler.cpp] file start {index=13 src=tests/golden/base/rgba16.png stagger_offset_ms=<ms> stagger_ms=<ms>}
[info] [tid] [sched] [scheduler.cpp] thread alloc {index=13 alloc_files=14 encode_threads=1 active_files=1 sum_encode_threads=1 thread_budget=16}
[info] [tid] [pipeline] [pipeline.cpp] pixel budget acquired {src=tests/golden/base/rgba16.png need_bytes=131072 capacity_bytes=<bytes> used_bytes=131072 peak_bytes=131072}
[info] [tid] [pipeline] [pipeline.cpp] output done {src=tests/golden/base/rgba16.png out=".cache/regression/out-full-png\\base\\rgba16.png" format=png ok=true bytes=395 encode_ms=<ms> metawrite_ms=<ms> warnings=0}
[info] [tid] [pipeline] [pipeline.cpp] file done {src=tests/golden/base/rgba16.png outputs=1 ok_outputs=1 bytes=0 decode_ms=<ms> orient_ms=<ms> color_ms=<ms> flatten_ms=<ms> encode_ms=<ms> metawrite_ms=<ms> verdict=Done warnings=0}
[info] [tid] [sched] [scheduler.cpp] file start {index=14 src=tests/golden/base/rgba8.png stagger_offset_ms=<ms> stagger_ms=<ms>}
[info] [tid] [sched] [scheduler.cpp] thread alloc {index=14 alloc_files=13 encode_threads=1 active_files=1 sum_encode_threads=1 thread_budget=16}
[info] [tid] [pipeline] [pipeline.cpp] pixel budget acquired {src=tests/golden/base/rgba8.png need_bytes=131072 capacity_bytes=<bytes> used_bytes=131072 peak_bytes=131072}
[info] [tid] [pipeline] [pipeline.cpp] output done {src=tests/golden/base/rgba8.png out=".cache/regression/out-full-png\\base\\rgba8.png" format=png ok=true bytes=395 encode_ms=<ms> metawrite_ms=<ms> warnings=0}
[info] [tid] [pipeline] [pipeline.cpp] file done {src=tests/golden/base/rgba8.png outputs=1 ok_outputs=1 bytes=0 decode_ms=<ms> orient_ms=<ms> color_ms=<ms> flatten_ms=<ms> encode_ms=<ms> metawrite_ms=<ms> verdict=Done warnings=0}
[info] [tid] [sched] [scheduler.cpp] file start {index=15 src=tests/golden/base/targa.tga stagger_offset_ms=<ms> stagger_ms=<ms>}
[info] [tid] [sched] [scheduler.cpp] thread alloc {index=15 alloc_files=12 encode_threads=1 active_files=1 sum_encode_threads=1 thread_budget=16}
[info] [tid] [pipeline] [pipeline.cpp] pixel budget acquired {src=tests/golden/base/targa.tga need_bytes=98304 capacity_bytes=<bytes> used_bytes=98304 peak_bytes=131072}
[info] [tid] [pipeline] [pipeline.cpp] output done {src=tests/golden/base/targa.tga out=".cache/regression/out-full-png\\base\\targa.png" format=png ok=true bytes=379 encode_ms=<ms> metawrite_ms=<ms> warnings=0}
[info] [tid] [pipeline] [pipeline.cpp] file done {src=tests/golden/base/targa.tga outputs=1 ok_outputs=1 bytes=0 decode_ms=<ms> orient_ms=<ms> color_ms=<ms> flatten_ms=<ms> encode_ms=<ms> metawrite_ms=<ms> verdict=Done warnings=0}
[info] [tid] [sched] [scheduler.cpp] file start {index=16 src=tests/golden/edge/cmyk.tif stagger_offset_ms=<ms> stagger_ms=<ms>}
[info] [tid] [sched] [scheduler.cpp] file start {index=17 src=tests/golden/edge/corrupt_trunc.jpg stagger_offset_ms=<ms> stagger_ms=<ms>}
[info] [tid] [sched] [scheduler.cpp] file start {index=18 src=tests/golden/edge/corrupt_zero.png stagger_offset_ms=<ms> stagger_ms=<ms>}
[info] [tid] [sched] [scheduler.cpp] file start {index=19 src=tests/golden/edge/测试📸unicode.png stagger_offset_ms=<ms> stagger_ms=<ms>}
[info] [tid] [sched] [scheduler.cpp] thread alloc {index=19 alloc_files=8 encode_threads=2 active_files=1 sum_encode_threads=2 thread_budget=16}
[info] [tid] [pipeline] [pipeline.cpp] pixel budget acquired {src=tests/golden/edge/测试📸unicode.png need_bytes=98304 capacity_bytes=<bytes> used_bytes=98304 peak_bytes=131072}
[info] [tid] [encode] [enc_oiio.cpp] encoder has no internal threading; encode_threads ignored {encoder=oiio encode_threads=2}
[info] [tid] [pipeline] [pipeline.cpp] output done {src=tests/golden/edge/测试📸unicode.png out=".cache/regression/out-full-png\\edge\\测试📸unicode.png" format=png ok=true bytes=379 encode_ms=<ms> metawrite_ms=<ms> warnings=0}
[info] [tid] [pipeline] [pipeline.cpp] file done {src=tests/golden/edge/测试📸unicode.png outputs=1 ok_outputs=1 bytes=0 decode_ms=<ms> orient_ms=<ms> color_ms=<ms> flatten_ms=<ms> encode_ms=<ms> metawrite_ms=<ms> verdict=Done warnings=0}
[info] [tid] [sched] [scheduler.cpp] file start {index=20 src=tests/golden/meta/avif_exif.avif stagger_offset_ms=<ms> stagger_ms=<ms>}
[info] [tid] [sched] [scheduler.cpp] thread alloc {index=20 alloc_files=7 encode_threads=2 active_files=1 sum_encode_threads=2 thread_budget=16}
[info] [tid] [pipeline] [pipeline.cpp] pixel budget acquired {src=tests/golden/meta/avif_exif.avif need_bytes=98304 capacity_bytes=<bytes> used_bytes=98304 peak_bytes=131072}
[info] [tid] [encode] [enc_oiio.cpp] encoder has no internal threading; encode_threads ignored {encoder=oiio encode_threads=2}
[info] [tid] [pipeline] [pipeline.cpp] output done {src=tests/golden/meta/avif_exif.avif out=".cache/regression/out-full-png\\meta\\avif_exif.png" format=png ok=true bytes=5084 encode_ms=<ms> metawrite_ms=<ms> warnings=0}
[info] [tid] [pipeline] [pipeline.cpp] file done {src=tests/golden/meta/avif_exif.avif outputs=1 ok_outputs=1 bytes=0 decode_ms=<ms> orient_ms=<ms> color_ms=<ms> flatten_ms=<ms> encode_ms=<ms> metawrite_ms=<ms> verdict=Done warnings=0}
[info] [tid] [sched] [scheduler.cpp] file start {index=21 src=tests/golden/meta/cmyk.tif stagger_offset_ms=<ms> stagger_ms=<ms>}
[info] [tid] [sched] [scheduler.cpp] file start {index=22 src=tests/golden/meta/exif_full.jpg stagger_offset_ms=<ms> stagger_ms=<ms>}
[info] [tid] [sched] [scheduler.cpp] thread alloc {index=22 alloc_files=5 encode_threads=3 active_files=1 sum_encode_threads=3 thread_budget=16}
[info] [tid] [pipeline] [pipeline.cpp] pixel budget acquired {src=tests/golden/meta/exif_full.jpg need_bytes=98304 capacity_bytes=<bytes> used_bytes=98304 peak_bytes=131072}
[info] [tid] [encode] [enc_oiio.cpp] encoder has no internal threading; encode_threads ignored {encoder=oiio encode_threads=3}
[info] [tid] [pipeline] [pipeline.cpp] output done {src=tests/golden/meta/exif_full.jpg out=".cache/regression/out-full-png\\meta\\exif_full.png" format=png ok=true bytes=2775 encode_ms=<ms> metawrite_ms=<ms> warnings=0}
[info] [tid] [pipeline] [pipeline.cpp] file done {src=tests/golden/meta/exif_full.jpg outputs=1 ok_outputs=1 bytes=0 decode_ms=<ms> orient_ms=<ms> color_ms=<ms> flatten_ms=<ms> encode_ms=<ms> metawrite_ms=<ms> verdict=Done warnings=0}
[info] [tid] [sched] [scheduler.cpp] file start {index=23 src=tests/golden/meta/heif_exif.heic stagger_offset_ms=<ms> stagger_ms=<ms>}
[info] [tid] [sched] [scheduler.cpp] thread alloc {index=23 alloc_files=4 encode_threads=4 active_files=1 sum_encode_threads=4 thread_budget=16}
[info] [tid] [pipeline] [pipeline.cpp] pixel budget acquired {src=tests/golden/meta/heif_exif.heic need_bytes=98304 capacity_bytes=<bytes> used_bytes=98304 peak_bytes=131072}
[info] [tid] [encode] [enc_oiio.cpp] encoder has no internal threading; encode_threads ignored {encoder=oiio encode_threads=4}
[info] [tid] [pipeline] [pipeline.cpp] output done {src=tests/golden/meta/heif_exif.heic out=".cache/regression/out-full-png\\meta\\heif_exif.png" format=png ok=true bytes=4966 encode_ms=<ms> metawrite_ms=<ms> warnings=0}
[info] [tid] [pipeline] [pipeline.cpp] file done {src=tests/golden/meta/heif_exif.heic outputs=1 ok_outputs=1 bytes=0 decode_ms=<ms> orient_ms=<ms> color_ms=<ms> flatten_ms=<ms> encode_ms=<ms> metawrite_ms=<ms> verdict=Done warnings=0}
[info] [tid] [sched] [scheduler.cpp] file start {index=24 src=tests/golden/meta/jxl_exif.jxl stagger_offset_ms=<ms> stagger_ms=<ms>}
[info] [tid] [sched] [scheduler.cpp] thread alloc {index=24 alloc_files=3 encode_threads=5 active_files=1 sum_encode_threads=5 thread_budget=16}
[info] [tid] [pipeline] [pipeline.cpp] CICP (1,13) → sRGB {src=tests/golden/meta/jxl_exif.jxl}
[info] [tid] [pipeline] [pipeline.cpp] pixel budget acquired {src=tests/golden/meta/jxl_exif.jxl need_bytes=98304 capacity_bytes=<bytes> used_bytes=98304 peak_bytes=131072}
[info] [tid] [encode] [enc_oiio.cpp] encoder has no internal threading; encode_threads ignored {encoder=oiio encode_threads=5}
[info] [tid] [pipeline] [pipeline.cpp] output done {src=tests/golden/meta/jxl_exif.jxl out=".cache/regression/out-full-png\\meta\\jxl_exif.png" format=png ok=true bytes=3717 encode_ms=<ms> metawrite_ms=<ms> warnings=0}
[info] [tid] [pipeline] [pipeline.cpp] file done {src=tests/golden/meta/jxl_exif.jxl outputs=1 ok_outputs=1 bytes=0 decode_ms=<ms> orient_ms=<ms> color_ms=<ms> flatten_ms=<ms> encode_ms=<ms> metawrite_ms=<ms> verdict=Done warnings=0}
[info] [tid] [sched] [scheduler.cpp] file start {index=25 src=tests/golden/meta/webp_lossless.webp stagger_offset_ms=<ms> stagger_ms=<ms>}
[info] [tid] [sched] [scheduler.cpp] thread alloc {index=25 alloc_files=2 encode_threads=8 active_files=1 sum_encode_threads=8 thread_budget=16}
[info] [tid] [pipeline] [pipeline.cpp] pixel budget acquired {src=tests/golden/meta/webp_lossless.webp need_bytes=98304 capacity_bytes=<bytes> used_bytes=98304 peak_bytes=131072}
[info] [tid] [encode] [enc_oiio.cpp] encoder has no internal threading; encode_threads ignored {encoder=oiio encode_threads=8}
[info] [tid] [pipeline] [pipeline.cpp] output done {src=tests/golden/meta/webp_lossless.webp out=".cache/regression/out-full-png\\meta\\webp_lossless.png" format=png ok=true bytes=328 encode_ms=<ms> metawrite_ms=<ms> warnings=0}
[info] [tid] [pipeline] [pipeline.cpp] file done {src=tests/golden/meta/webp_lossless.webp outputs=1 ok_outputs=1 bytes=0 decode_ms=<ms> orient_ms=<ms> color_ms=<ms> flatten_ms=<ms> encode_ms=<ms> metawrite_ms=<ms> verdict=Done warnings=0}
[info] [tid] [sched] [scheduler.cpp] file start {index=26 src=tests/golden/meta/webp_lossy.webp stagger_offset_ms=<ms> stagger_ms=<ms>}
[info] [tid] [sched] [scheduler.cpp] thread alloc {index=26 alloc_files=1 encode_threads=16 active_files=1 sum_encode_threads=16 thread_budget=16}
[info] [tid] [pipeline] [pipeline.cpp] pixel budget acquired {src=tests/golden/meta/webp_lossy.webp need_bytes=98304 capacity_bytes=<bytes> used_bytes=98304 peak_bytes=131072}
[info] [tid] [encode] [enc_oiio.cpp] encoder has no internal threading; encode_threads ignored {encoder=oiio encode_threads=16}
[info] [tid] [pipeline] [pipeline.cpp] output done {src=tests/golden/meta/webp_lossy.webp out=".cache/regression/out-full-png\\meta\\webp_lossy.png" format=png ok=true bytes=5042 encode_ms=<ms> metawrite_ms=<ms> warnings=0}
[info] [tid] [pipeline] [pipeline.cpp] file done {src=tests/golden/meta/webp_lossy.webp outputs=1 ok_outputs=1 bytes=0 decode_ms=<ms> orient_ms=<ms> color_ms=<ms> flatten_ms=<ms> encode_ms=<ms> metawrite_ms=<ms> verdict=Done warnings=0}
[info] [tid] [scheduler] [scheduler.cpp] e3 report {thread_budget=16 stagger_ms=<ms> peak_active_files=1 peak_sum_encode_threads=16 active_files_end=0 files_done=27}
[info] [tid] [run] [main.cpp] run summary {files=27 ok=23 failed=4 skipped=0 cancelled=0 bytes=28387 total_ms=<ms> throughput_mb_s=<val> avg_file_ms=<ms>}
photopipeline --dev
  format=png backend=(first) tech=(first) lossless=false bitdepth=16 color=keep conflict=overwrite
  out=.cache/regression/out-full-png workers=1 files=27 metadata_only=false params=[compressionLevel=6]

file                                           state          bytes        ms  warnings
tests/golden/base/anim.gif ok 399 <ms> MultipageTruncated
tests/golden/base/bmp24.bmp ok 379 <ms>
tests/golden/base/gray16.png ok 262 <ms>
tests/golden/base/gray16.tif ok 262 <ms>
tests/golden/base/gray8.png ok 262 <ms>
tests/golden/base/graya8.png ok 362 <ms>
tests/golden/base/jxl8.jxl ok 727 <ms>
tests/golden/base/multi.tif ok 379 <ms> MultipageTruncated
tests/golden/base/photo.jpg ok 379 <ms>
tests/golden/base/rgb16.png ok 379 <ms>
tests/golden/base/rgb16.tif ok 379 <ms>
tests/golden/base/rgb8.png ok 379 <ms>
tests/golden/base/rgb8.tif ok 379 <ms>
tests/golden/base/rgba16.png ok 395 <ms>
tests/golden/base/rgba8.png ok 395 <ms>
tests/golden/base/targa.tga ok 379 <ms>
tests/golden/edge/cmyk.tif failed 0 <ms>
    error: probe failed: CMYK input is not supported
tests/golden/edge/corrupt_trunc.jpg failed 0 <ms>
    error: probe failed: JPEG error: <repo>\vcpkg\buildtrees\libjpeg-turbo\src\56c1f52a20-f26ed ("tests/golden/edge/corrupt_trunc.jpg")
tests/golden/edge/corrupt_zero.png failed 0 <ms>
    error: probe failed: Not a PNG file
tests/golden/edge/测试📸unicode.png ok 379 <ms>
tests/golden/meta/avif_exif.avif ok 5084 <ms>
tests/golden/meta/cmyk.tif failed 0 <ms>
    error: probe failed: CMYK input is not supported
tests/golden/meta/exif_full.jpg ok 2775 <ms>
tests/golden/meta/heif_exif.heic ok 4966 <ms>
tests/golden/meta/jxl_exif.jxl ok 3717 <ms>
tests/golden/meta/webp_lossless.webp ok 328 <ms>
tests/golden/meta/webp_lossy.webp ok 5042 <ms>

SUMMARY files=27 ok=23 failed=4 skipped=0 cancelled=0 bytes=28387 total_ms=<ms> throughput_mb_s=<val> avg_file_ms=<ms>
EXIT 4 (failed files)
### run full-tiff rc=4 args=--format tiff
[info] [tid] [run] [main.cpp] run start {outputs=tiff output_count=1 template=$dir/$file lossless=false color=keep conflict=overwrite workers=1 files=27 metadata_only=false out=.cache/regression/out-full-tiff params="compression=lzw deflate_level=6 predictor=2 tiff_tile_height=0 tiff_tile_width=0"}
[info] [tid] [run] [main.cpp] version {lib=app version=0.2.0}
[info] [tid] [run] [main.cpp] version {lib=qt version=6.11.2}
[info] [tid] [run] [main.cpp] version {lib=oiio version=3.1.17.0}
[info] [tid] [run] [main.cpp] version {lib=jpegli version=031a0077}
[info] [tid] [run] [main.cpp] version {lib=libjxl version=0x00002ee0}
[info] [tid] [run] [main.cpp] version {lib=libheif version=1.23.5}
[info] [tid] [run] [main.cpp] version {lib=exiv2 version=0.28.9}
[info] [tid] [run] [main.cpp] version {lib=lcms2 version=2190}
[info] [tid] [run] [main.cpp] version {lib=webp version=1.6.0}
[info] [tid] [run] [main.cpp] version {lib=tiff version="LIBTIFF, Version 4.7.2"}
[info] [tid] [run] [main.cpp] version {lib=x265 version="x265 HEVC encoder (4.3-vcpkg)"}
[info] [tid] [run] [main.cpp] version {lib=svt-av1 version="SVT-AV1 encoder v4.2.0"}
[info] [tid] [run] [main.cpp] version {lib=aom version="AOMedia Project AV1 Encoder v3.15.1"}
[info] [tid] [scheduler] [scheduler.cpp] start {files=27 workers=1 workers_resolved=1 stagger_ms=<ms> thread_budget=16 budget_bytes=<bytes> outputs=1 formats=tiff template=$dir/$file mode=transcode}
[info] [tid] [sched] [scheduler.cpp] file start {index=0 src=tests/golden/base/anim.gif stagger_offset_ms=<ms> stagger_ms=<ms>}
[info] [tid] [sched] [scheduler.cpp] thread alloc {index=0 alloc_files=16 encode_threads=1 active_files=1 sum_encode_threads=1 thread_budget=16}
[info] [tid] [pipeline] [pipeline.cpp] pixel budget acquired {src=tests/golden/base/anim.gif need_bytes=131072 capacity_bytes=<bytes> used_bytes=131072 peak_bytes=131072}
[info] [tid] [pipeline] [pipeline.cpp] output done {src=tests/golden/base/anim.gif out=".cache/regression/out-full-tiff\\base\\anim.tif" format=tiff ok=true bytes=2029 encode_ms=<ms> metawrite_ms=<ms> warnings=1}
[warning] [tid] [pipeline] [pipeline.cpp] output warning {src=tests/golden/base/anim.gif out=".cache/regression/out-full-tiff\\base\\anim.tif" detail="multipage or animated input: only the first page was decoded"}
[info] [tid] [pipeline] [pipeline.cpp] file done {src=tests/golden/base/anim.gif outputs=1 ok_outputs=1 bytes=0 decode_ms=<ms> orient_ms=<ms> color_ms=<ms> flatten_ms=<ms> encode_ms=<ms> metawrite_ms=<ms> verdict=Done warnings=0}
[info] [tid] [sched] [scheduler.cpp] file start {index=1 src=tests/golden/base/bmp24.bmp stagger_offset_ms=<ms> stagger_ms=<ms>}
[info] [tid] [sched] [scheduler.cpp] thread alloc {index=1 alloc_files=16 encode_threads=1 active_files=1 sum_encode_threads=1 thread_budget=16}
[info] [tid] [pipeline] [pipeline.cpp] pixel budget acquired {src=tests/golden/base/bmp24.bmp need_bytes=98304 capacity_bytes=<bytes> used_bytes=98304 peak_bytes=131072}
[info] [tid] [pipeline] [pipeline.cpp] output done {src=tests/golden/base/bmp24.bmp out=".cache/regression/out-full-tiff\\base\\bmp24.tif" format=tiff ok=true bytes=1927 encode_ms=<ms> metawrite_ms=<ms> warnings=0}
[info] [tid] [pipeline] [pipeline.cpp] file done {src=tests/golden/base/bmp24.bmp outputs=1 ok_outputs=1 bytes=0 decode_ms=<ms> orient_ms=<ms> color_ms=<ms> flatten_ms=<ms> encode_ms=<ms> metawrite_ms=<ms> verdict=Done warnings=0}
[info] [tid] [sched] [scheduler.cpp] file start {index=2 src=tests/golden/base/gray16.png stagger_offset_ms=<ms> stagger_ms=<ms>}
[info] [tid] [sched] [scheduler.cpp] thread alloc {index=2 alloc_files=16 encode_threads=1 active_files=1 sum_encode_threads=1 thread_budget=16}
[info] [tid] [pipeline] [pipeline.cpp] pixel budget acquired {src=tests/golden/base/gray16.png need_bytes=32768 capacity_bytes=<bytes> used_bytes=32768 peak_bytes=131072}
[info] [tid] [pipeline] [pipeline.cpp] output done {src=tests/golden/base/gray16.png out=".cache/regression/out-full-tiff\\base\\gray16.tif" format=tiff ok=true bytes=1323 encode_ms=<ms> metawrite_ms=<ms> warnings=0}
[info] [tid] [pipeline] [pipeline.cpp] file done {src=tests/golden/base/gray16.png outputs=1 ok_outputs=1 bytes=0 decode_ms=<ms> orient_ms=<ms> color_ms=<ms> flatten_ms=<ms> encode_ms=<ms> metawrite_ms=<ms> verdict=Done warnings=0}
[info] [tid] [sched] [scheduler.cpp] file start {index=3 src=tests/golden/base/gray16.tif stagger_offset_ms=<ms> stagger_ms=<ms>}
[info] [tid] [sched] [scheduler.cpp] thread alloc {index=3 alloc_files=16 encode_threads=1 active_files=1 sum_encode_threads=1 thread_budget=16}
[info] [tid] [pipeline] [pipeline.cpp] pixel budget acquired {src=tests/golden/base/gray16.tif need_bytes=32768 capacity_bytes=<bytes> used_bytes=32768 peak_bytes=131072}
[info] [tid] [pipeline] [pipeline.cpp] output done {src=tests/golden/base/gray16.tif out=".cache/regression/out-full-tiff\\base\\gray16.tif" format=tiff ok=true bytes=1323 encode_ms=<ms> metawrite_ms=<ms> warnings=0}
[info] [tid] [pipeline] [pipeline.cpp] file done {src=tests/golden/base/gray16.tif outputs=1 ok_outputs=1 bytes=0 decode_ms=<ms> orient_ms=<ms> color_ms=<ms> flatten_ms=<ms> encode_ms=<ms> metawrite_ms=<ms> verdict=Done warnings=0}
[info] [tid] [sched] [scheduler.cpp] file start {index=4 src=tests/golden/base/gray8.png stagger_offset_ms=<ms> stagger_ms=<ms>}
[info] [tid] [sched] [scheduler.cpp] thread alloc {index=4 alloc_files=16 encode_threads=1 active_files=1 sum_encode_threads=1 thread_budget=16}
[info] [tid] [pipeline] [pipeline.cpp] pixel budget acquired {src=tests/golden/base/gray8.png need_bytes=32768 capacity_bytes=<bytes> used_bytes=32768 peak_bytes=131072}
[info] [tid] [pipeline] [pipeline.cpp] output done {src=tests/golden/base/gray8.png out=".cache/regression/out-full-tiff\\base\\gray8.tif" format=tiff ok=true bytes=1323 encode_ms=<ms> metawrite_ms=<ms> warnings=0}
[info] [tid] [pipeline] [pipeline.cpp] file done {src=tests/golden/base/gray8.png outputs=1 ok_outputs=1 bytes=0 decode_ms=<ms> orient_ms=<ms> color_ms=<ms> flatten_ms=<ms> encode_ms=<ms> metawrite_ms=<ms> verdict=Done warnings=0}
[info] [tid] [sched] [scheduler.cpp] file start {index=5 src=tests/golden/base/graya8.png stagger_offset_ms=<ms> stagger_ms=<ms>}
[info] [tid] [sched] [scheduler.cpp] thread alloc {index=5 alloc_files=16 encode_threads=1 active_files=1 sum_encode_threads=1 thread_budget=16}
[info] [tid] [pipeline] [pipeline.cpp] pixel budget acquired {src=tests/golden/base/graya8.png need_bytes=65536 capacity_bytes=<bytes> used_bytes=65536 peak_bytes=131072}
[info] [tid] [pipeline] [pipeline.cpp] output done {src=tests/golden/base/graya8.png out=".cache/regression/out-full-tiff\\base\\graya8.tif" format=tiff ok=true bytes=1725 encode_ms=<ms> metawrite_ms=<ms> warnings=0}
[info] [tid] [pipeline] [pipeline.cpp] file done {src=tests/golden/base/graya8.png outputs=1 ok_outputs=1 bytes=0 decode_ms=<ms> orient_ms=<ms> color_ms=<ms> flatten_ms=<ms> encode_ms=<ms> metawrite_ms=<ms> verdict=Done warnings=0}
[info] [tid] [sched] [scheduler.cpp] file start {index=6 src=tests/golden/base/jxl8.jxl stagger_offset_ms=<ms> stagger_ms=<ms>}
[info] [tid] [sched] [scheduler.cpp] thread alloc {index=6 alloc_files=16 encode_threads=1 active_files=1 sum_encode_threads=1 thread_budget=16}
[info] [tid] [pipeline] [pipeline.cpp] CICP (1,13) → sRGB {src=tests/golden/base/jxl8.jxl}
[info] [tid] [pipeline] [pipeline.cpp] pixel budget acquired {src=tests/golden/base/jxl8.jxl need_bytes=98304 capacity_bytes=<bytes> used_bytes=98304 peak_bytes=131072}
[info] [tid] [pipeline] [pipeline.cpp] output done {src=tests/golden/base/jxl8.jxl out=".cache/regression/out-full-tiff\\base\\jxl8.tif" format=tiff ok=true bytes=2443 encode_ms=<ms> metawrite_ms=<ms> warnings=0}
[info] [tid] [pipeline] [pipeline.cpp] file done {src=tests/golden/base/jxl8.jxl outputs=1 ok_outputs=1 bytes=0 decode_ms=<ms> orient_ms=<ms> color_ms=<ms> flatten_ms=<ms> encode_ms=<ms> metawrite_ms=<ms> verdict=Done warnings=0}
[info] [tid] [sched] [scheduler.cpp] file start {index=7 src=tests/golden/base/multi.tif stagger_offset_ms=<ms> stagger_ms=<ms>}
[info] [tid] [sched] [scheduler.cpp] thread alloc {index=7 alloc_files=16 encode_threads=1 active_files=1 sum_encode_threads=1 thread_budget=16}
[info] [tid] [pipeline] [pipeline.cpp] pixel budget acquired {src=tests/golden/base/multi.tif need_bytes=98304 capacity_bytes=<bytes> used_bytes=98304 peak_bytes=131072}
[info] [tid] [pipeline] [pipeline.cpp] output done {src=tests/golden/base/multi.tif out=".cache/regression/out-full-tiff\\base\\multi.tif" format=tiff ok=true bytes=1927 encode_ms=<ms> metawrite_ms=<ms> warnings=1}
[warning] [tid] [pipeline] [pipeline.cpp] output warning {src=tests/golden/base/multi.tif out=".cache/regression/out-full-tiff\\base\\multi.tif" detail="multipage or animated input: only the first page was decoded"}
[info] [tid] [pipeline] [pipeline.cpp] file done {src=tests/golden/base/multi.tif outputs=1 ok_outputs=1 bytes=0 decode_ms=<ms> orient_ms=<ms> color_ms=<ms> flatten_ms=<ms> encode_ms=<ms> metawrite_ms=<ms> verdict=Done warnings=0}
[info] [tid] [sched] [scheduler.cpp] file start {index=8 src=tests/golden/base/photo.jpg stagger_offset_ms=<ms> stagger_ms=<ms>}
[info] [tid] [sched] [scheduler.cpp] thread alloc {index=8 alloc_files=16 encode_threads=1 active_files=1 sum_encode_threads=1 thread_budget=16}
[info] [tid] [pipeline] [pipeline.cpp] pixel budget acquired {src=tests/golden/base/photo.jpg need_bytes=98304 capacity_bytes=<bytes> used_bytes=98304 peak_bytes=131072}
[info] [tid] [pipeline] [pipeline.cpp] output done {src=tests/golden/base/photo.jpg out=".cache/regression/out-full-tiff\\base\\photo.tif" format=tiff ok=true bytes=1927 encode_ms=<ms> metawrite_ms=<ms> warnings=0}
[info] [tid] [pipeline] [pipeline.cpp] file done {src=tests/golden/base/photo.jpg outputs=1 ok_outputs=1 bytes=0 decode_ms=<ms> orient_ms=<ms> color_ms=<ms> flatten_ms=<ms> encode_ms=<ms> metawrite_ms=<ms> verdict=Done warnings=0}
[info] [tid] [sched] [scheduler.cpp] file start {index=9 src=tests/golden/base/rgb16.png stagger_offset_ms=<ms> stagger_ms=<ms>}
[info] [tid] [sched] [scheduler.cpp] thread alloc {index=9 alloc_files=16 encode_threads=1 active_files=1 sum_encode_threads=1 thread_budget=16}
[info] [tid] [pipeline] [pipeline.cpp] pixel budget acquired {src=tests/golden/base/rgb16.png need_bytes=98304 capacity_bytes=<bytes> used_bytes=98304 peak_bytes=131072}
[info] [tid] [pipeline] [pipeline.cpp] output done {src=tests/golden/base/rgb16.png out=".cache/regression/out-full-tiff\\base\\rgb16.tif" format=tiff ok=true bytes=1927 encode_ms=<ms> metawrite_ms=<ms> warnings=0}
[info] [tid] [pipeline] [pipeline.cpp] file done {src=tests/golden/base/rgb16.png outputs=1 ok_outputs=1 bytes=0 decode_ms=<ms> orient_ms=<ms> color_ms=<ms> flatten_ms=<ms> encode_ms=<ms> metawrite_ms=<ms> verdict=Done warnings=0}
[info] [tid] [sched] [scheduler.cpp] file start {index=10 src=tests/golden/base/rgb16.tif stagger_offset_ms=<ms> stagger_ms=<ms>}
[info] [tid] [sched] [scheduler.cpp] thread alloc {index=10 alloc_files=16 encode_threads=1 active_files=1 sum_encode_threads=1 thread_budget=16}
[info] [tid] [pipeline] [pipeline.cpp] pixel budget acquired {src=tests/golden/base/rgb16.tif need_bytes=98304 capacity_bytes=<bytes> used_bytes=98304 peak_bytes=131072}
[info] [tid] [pipeline] [pipeline.cpp] output done {src=tests/golden/base/rgb16.tif out=".cache/regression/out-full-tiff\\base\\rgb16.tif" format=tiff ok=true bytes=1927 encode_ms=<ms> metawrite_ms=<ms> warnings=0}
[info] [tid] [pipeline] [pipeline.cpp] file done {src=tests/golden/base/rgb16.tif outputs=1 ok_outputs=1 bytes=0 decode_ms=<ms> orient_ms=<ms> color_ms=<ms> flatten_ms=<ms> encode_ms=<ms> metawrite_ms=<ms> verdict=Done warnings=0}
[info] [tid] [sched] [scheduler.cpp] file start {index=11 src=tests/golden/base/rgb8.png stagger_offset_ms=<ms> stagger_ms=<ms>}
[info] [tid] [sched] [scheduler.cpp] thread alloc {index=11 alloc_files=16 encode_threads=1 active_files=1 sum_encode_threads=1 thread_budget=16}
[info] [tid] [pipeline] [pipeline.cpp] pixel budget acquired {src=tests/golden/base/rgb8.png need_bytes=98304 capacity_bytes=<bytes> used_bytes=98304 peak_bytes=131072}
[info] [tid] [pipeline] [pipeline.cpp] output done {src=tests/golden/base/rgb8.png out=".cache/regression/out-full-tiff\\base\\rgb8.tif" format=tiff ok=true bytes=1927 encode_ms=<ms> metawrite_ms=<ms> warnings=0}
[info] [tid] [pipeline] [pipeline.cpp] file done {src=tests/golden/base/rgb8.png outputs=1 ok_outputs=1 bytes=0 decode_ms=<ms> orient_ms=<ms> color_ms=<ms> flatten_ms=<ms> encode_ms=<ms> metawrite_ms=<ms> verdict=Done warnings=0}
[info] [tid] [sched] [scheduler.cpp] file start {index=12 src=tests/golden/base/rgb8.tif stagger_offset_ms=<ms> stagger_ms=<ms>}
[info] [tid] [sched] [scheduler.cpp] thread alloc {index=12 alloc_files=15 encode_threads=1 active_files=1 sum_encode_threads=1 thread_budget=16}
[info] [tid] [pipeline] [pipeline.cpp] pixel budget acquired {src=tests/golden/base/rgb8.tif need_bytes=98304 capacity_bytes=<bytes> used_bytes=98304 peak_bytes=131072}
[info] [tid] [pipeline] [pipeline.cpp] output done {src=tests/golden/base/rgb8.tif out=".cache/regression/out-full-tiff\\base\\rgb8.tif" format=tiff ok=true bytes=1927 encode_ms=<ms> metawrite_ms=<ms> warnings=0}
[info] [tid] [pipeline] [pipeline.cpp] file done {src=tests/golden/base/rgb8.tif outputs=1 ok_outputs=1 bytes=0 decode_ms=<ms> orient_ms=<ms> color_ms=<ms> flatten_ms=<ms> encode_ms=<ms> metawrite_ms=<ms> verdict=Done warnings=0}
[info] [tid] [sched] [scheduler.cpp] file start {index=13 src=tests/golden/base/rgba16.png stagger_offset_ms=<ms> stagger_ms=<ms>}
[info] [tid] [sched] [scheduler.cpp] thread alloc {index=13 alloc_files=14 encode_threads=1 active_files=1 sum_encode_threads=1 thread_budget=16}
[info] [tid] [pipeline] [pipeline.cpp] pixel budget acquired {src=tests/golden/base/rgba16.png need_bytes=131072 capacity_bytes=<bytes> used_bytes=131072 peak_bytes=131072}
[info] [tid] [pipeline] [pipeline.cpp] output done {src=tests/golden/base/rgba16.png out=".cache/regression/out-full-tiff\\base\\rgba16.tif" format=tiff ok=true bytes=1985 encode_ms=<ms> metawrite_ms=<ms> warnings=0}
[info] [tid] [pipeline] [pipeline.cpp] file done {src=tests/golden/base/rgba16.png outputs=1 ok_outputs=1 bytes=0 decode_ms=<ms> orient_ms=<ms> color_ms=<ms> flatten_ms=<ms> encode_ms=<ms> metawrite_ms=<ms> verdict=Done warnings=0}
[info] [tid] [sched] [scheduler.cpp] file start {index=14 src=tests/golden/base/rgba8.png stagger_offset_ms=<ms> stagger_ms=<ms>}
[info] [tid] [sched] [scheduler.cpp] thread alloc {index=14 alloc_files=13 encode_threads=1 active_files=1 sum_encode_threads=1 thread_budget=16}
[info] [tid] [pipeline] [pipeline.cpp] pixel budget acquired {src=tests/golden/base/rgba8.png need_bytes=131072 capacity_bytes=<bytes> used_bytes=131072 peak_bytes=131072}
[info] [tid] [pipeline] [pipeline.cpp] output done {src=tests/golden/base/rgba8.png out=".cache/regression/out-full-tiff\\base\\rgba8.tif" format=tiff ok=true bytes=1985 encode_ms=<ms> metawrite_ms=<ms> warnings=0}
[info] [tid] [pipeline] [pipeline.cpp] file done {src=tests/golden/base/rgba8.png outputs=1 ok_outputs=1 bytes=0 decode_ms=<ms> orient_ms=<ms> color_ms=<ms> flatten_ms=<ms> encode_ms=<ms> metawrite_ms=<ms> verdict=Done warnings=0}
[info] [tid] [sched] [scheduler.cpp] file start {index=15 src=tests/golden/base/targa.tga stagger_offset_ms=<ms> stagger_ms=<ms>}
[info] [tid] [sched] [scheduler.cpp] thread alloc {index=15 alloc_files=12 encode_threads=1 active_files=1 sum_encode_threads=1 thread_budget=16}
[info] [tid] [pipeline] [pipeline.cpp] pixel budget acquired {src=tests/golden/base/targa.tga need_bytes=98304 capacity_bytes=<bytes> used_bytes=98304 peak_bytes=131072}
[info] [tid] [pipeline] [pipeline.cpp] output done {src=tests/golden/base/targa.tga out=".cache/regression/out-full-tiff\\base\\targa.tif" format=tiff ok=true bytes=1927 encode_ms=<ms> metawrite_ms=<ms> warnings=0}
[info] [tid] [pipeline] [pipeline.cpp] file done {src=tests/golden/base/targa.tga outputs=1 ok_outputs=1 bytes=0 decode_ms=<ms> orient_ms=<ms> color_ms=<ms> flatten_ms=<ms> encode_ms=<ms> metawrite_ms=<ms> verdict=Done warnings=0}
[info] [tid] [sched] [scheduler.cpp] file start {index=16 src=tests/golden/edge/cmyk.tif stagger_offset_ms=<ms> stagger_ms=<ms>}
[info] [tid] [sched] [scheduler.cpp] file start {index=17 src=tests/golden/edge/corrupt_trunc.jpg stagger_offset_ms=<ms> stagger_ms=<ms>}
[info] [tid] [sched] [scheduler.cpp] file start {index=18 src=tests/golden/edge/corrupt_zero.png stagger_offset_ms=<ms> stagger_ms=<ms>}
[info] [tid] [sched] [scheduler.cpp] file start {index=19 src=tests/golden/edge/测试📸unicode.png stagger_offset_ms=<ms> stagger_ms=<ms>}
[info] [tid] [sched] [scheduler.cpp] thread alloc {index=19 alloc_files=8 encode_threads=2 active_files=1 sum_encode_threads=2 thread_budget=16}
[info] [tid] [pipeline] [pipeline.cpp] pixel budget acquired {src=tests/golden/edge/测试📸unicode.png need_bytes=98304 capacity_bytes=<bytes> used_bytes=98304 peak_bytes=131072}
[info] [tid] [encode] [enc_oiio.cpp] encoder has no internal threading; encode_threads ignored {encoder=oiio encode_threads=2}
[info] [tid] [pipeline] [pipeline.cpp] output done {src=tests/golden/edge/测试📸unicode.png out=".cache/regression/out-full-tiff\\edge\\测试📸unicode.tif" format=tiff ok=true bytes=1927 encode_ms=<ms> metawrite_ms=<ms> warnings=0}
[info] [tid] [pipeline] [pipeline.cpp] file done {src=tests/golden/edge/测试📸unicode.png outputs=1 ok_outputs=1 bytes=0 decode_ms=<ms> orient_ms=<ms> color_ms=<ms> flatten_ms=<ms> encode_ms=<ms> metawrite_ms=<ms> verdict=Done warnings=0}
[info] [tid] [sched] [scheduler.cpp] file start {index=20 src=tests/golden/meta/avif_exif.avif stagger_offset_ms=<ms> stagger_ms=<ms>}
[info] [tid] [sched] [scheduler.cpp] thread alloc {index=20 alloc_files=7 encode_threads=2 active_files=1 sum_encode_threads=2 thread_budget=16}
[info] [tid] [pipeline] [pipeline.cpp] pixel budget acquired {src=tests/golden/meta/avif_exif.avif need_bytes=98304 capacity_bytes=<bytes> used_bytes=98304 peak_bytes=131072}
[info] [tid] [encode] [enc_oiio.cpp] encoder has no internal threading; encode_threads ignored {encoder=oiio encode_threads=2}
[info] [tid] [pipeline] [pipeline.cpp] output done {src=tests/golden/meta/avif_exif.avif out=".cache/regression/out-full-tiff\\meta\\avif_exif.tif" format=tiff ok=true bytes=6592 encode_ms=<ms> metawrite_ms=<ms> warnings=0}
[info] [tid] [pipeline] [pipeline.cpp] file done {src=tests/golden/meta/avif_exif.avif outputs=1 ok_outputs=1 bytes=0 decode_ms=<ms> orient_ms=<ms> color_ms=<ms> flatten_ms=<ms> encode_ms=<ms> metawrite_ms=<ms> verdict=Done warnings=0}
[info] [tid] [sched] [scheduler.cpp] file start {index=21 src=tests/golden/meta/cmyk.tif stagger_offset_ms=<ms> stagger_ms=<ms>}
[info] [tid] [sched] [scheduler.cpp] file start {index=22 src=tests/golden/meta/exif_full.jpg stagger_offset_ms=<ms> stagger_ms=<ms>}
[info] [tid] [sched] [scheduler.cpp] thread alloc {index=22 alloc_files=5 encode_threads=3 active_files=1 sum_encode_threads=3 thread_budget=16}
[info] [tid] [pipeline] [pipeline.cpp] pixel budget acquired {src=tests/golden/meta/exif_full.jpg need_bytes=98304 capacity_bytes=<bytes> used_bytes=98304 peak_bytes=131072}
[info] [tid] [encode] [enc_oiio.cpp] encoder has no internal threading; encode_threads ignored {encoder=oiio encode_threads=3}
[info] [tid] [pipeline] [pipeline.cpp] output done {src=tests/golden/meta/exif_full.jpg out=".cache/regression/out-full-tiff\\meta\\exif_full.tif" format=tiff ok=true bytes=5199 encode_ms=<ms> metawrite_ms=<ms> warnings=0}
[info] [tid] [pipeline] [pipeline.cpp] file done {src=tests/golden/meta/exif_full.jpg outputs=1 ok_outputs=1 bytes=0 decode_ms=<ms> orient_ms=<ms> color_ms=<ms> flatten_ms=<ms> encode_ms=<ms> metawrite_ms=<ms> verdict=Done warnings=0}
[info] [tid] [sched] [scheduler.cpp] file start {index=23 src=tests/golden/meta/heif_exif.heic stagger_offset_ms=<ms> stagger_ms=<ms>}
[info] [tid] [sched] [scheduler.cpp] thread alloc {index=23 alloc_files=4 encode_threads=4 active_files=1 sum_encode_threads=4 thread_budget=16}
[info] [tid] [pipeline] [pipeline.cpp] pixel budget acquired {src=tests/golden/meta/heif_exif.heic need_bytes=98304 capacity_bytes=<bytes> used_bytes=98304 peak_bytes=131072}
[info] [tid] [encode] [enc_oiio.cpp] encoder has no internal threading; encode_threads ignored {encoder=oiio encode_threads=4}
[info] [tid] [pipeline] [pipeline.cpp] output done {src=tests/golden/meta/heif_exif.heic out=".cache/regression/out-full-tiff\\meta\\heif_exif.tif" format=tiff ok=true bytes=6295 encode_ms=<ms> metawrite_ms=<ms> warnings=0}
[info] [tid] [pipeline] [pipeline.cpp] file done {src=tests/golden/meta/heif_exif.heic outputs=1 ok_outputs=1 bytes=0 decode_ms=<ms> orient_ms=<ms> color_ms=<ms> flatten_ms=<ms> encode_ms=<ms> metawrite_ms=<ms> verdict=Done warnings=0}
[info] [tid] [sched] [scheduler.cpp] file start {index=24 src=tests/golden/meta/jxl_exif.jxl stagger_offset_ms=<ms> stagger_ms=<ms>}
[info] [tid] [sched] [scheduler.cpp] thread alloc {index=24 alloc_files=3 encode_threads=5 active_files=1 sum_encode_threads=5 thread_budget=16}
[info] [tid] [pipeline] [pipeline.cpp] CICP (1,13) → sRGB {src=tests/golden/meta/jxl_exif.jxl}
[info] [tid] [pipeline] [pipeline.cpp] pixel budget acquired {src=tests/golden/meta/jxl_exif.jxl need_bytes=98304 capacity_bytes=<bytes> used_bytes=98304 peak_bytes=131072}
[info] [tid] [encode] [enc_oiio.cpp] encoder has no internal threading; encode_threads ignored {encoder=oiio encode_threads=5}
[info] [tid] [pipeline] [pipeline.cpp] output done {src=tests/golden/meta/jxl_exif.jxl out=".cache/regression/out-full-tiff\\meta\\jxl_exif.tif" format=tiff ok=true bytes=5449 encode_ms=<ms> metawrite_ms=<ms> warnings=0}
[info] [tid] [pipeline] [pipeline.cpp] file done {src=tests/golden/meta/jxl_exif.jxl outputs=1 ok_outputs=1 bytes=0 decode_ms=<ms> orient_ms=<ms> color_ms=<ms> flatten_ms=<ms> encode_ms=<ms> metawrite_ms=<ms> verdict=Done warnings=0}
[info] [tid] [sched] [scheduler.cpp] file start {index=25 src=tests/golden/meta/webp_lossless.webp stagger_offset_ms=<ms> stagger_ms=<ms>}
[info] [tid] [sched] [scheduler.cpp] thread alloc {index=25 alloc_files=2 encode_threads=8 active_files=1 sum_encode_threads=8 thread_budget=16}
[info] [tid] [pipeline] [pipeline.cpp] pixel budget acquired {src=tests/golden/meta/webp_lossless.webp need_bytes=98304 capacity_bytes=<bytes> used_bytes=98304 peak_bytes=131072}
[info] [tid] [encode] [enc_oiio.cpp] encoder has no internal threading; encode_threads ignored {encoder=oiio encode_threads=8}
[info] [tid] [pipeline] [pipeline.cpp] output done {src=tests/golden/meta/webp_lossless.webp out=".cache/regression/out-full-tiff\\meta\\webp_lossless.tif" format=tiff ok=true bytes=1931 encode_ms=<ms> metawrite_ms=<ms> warnings=0}
[info] [tid] [pipeline] [pipeline.cpp] file done {src=tests/golden/meta/webp_lossless.webp outputs=1 ok_outputs=1 bytes=0 decode_ms=<ms> orient_ms=<ms> color_ms=<ms> flatten_ms=<ms> encode_ms=<ms> metawrite_ms=<ms> verdict=Done warnings=0}
[info] [tid] [sched] [scheduler.cpp] file start {index=26 src=tests/golden/meta/webp_lossy.webp stagger_offset_ms=<ms> stagger_ms=<ms>}
[info] [tid] [sched] [scheduler.cpp] thread alloc {index=26 alloc_files=1 encode_threads=16 active_files=1 sum_encode_threads=16 thread_budget=16}
[info] [tid] [pipeline] [pipeline.cpp] pixel budget acquired {src=tests/golden/meta/webp_lossy.webp need_bytes=98304 capacity_bytes=<bytes> used_bytes=98304 peak_bytes=131072}
[info] [tid] [encode] [enc_oiio.cpp] encoder has no internal threading; encode_threads ignored {encoder=oiio encode_threads=16}
[info] [tid] [pipeline] [pipeline.cpp] output done {src=tests/golden/meta/webp_lossy.webp out=".cache/regression/out-full-tiff\\meta\\webp_lossy.tif" format=tiff ok=true bytes=7006 encode_ms=<ms> metawrite_ms=<ms> warnings=0}
[info] [tid] [pipeline] [pipeline.cpp] file done {src=tests/golden/meta/webp_lossy.webp outputs=1 ok_outputs=1 bytes=0 decode_ms=<ms> orient_ms=<ms> color_ms=<ms> flatten_ms=<ms> encode_ms=<ms> metawrite_ms=<ms> verdict=Done warnings=0}
[info] [tid] [scheduler] [scheduler.cpp] e3 report {thread_budget=16 stagger_ms=<ms> peak_active_files=1 peak_sum_encode_threads=16 active_files_end=0 files_done=27}
[info] [tid] [run] [main.cpp] run summary {files=27 ok=23 failed=4 skipped=0 cancelled=0 bytes=63951 total_ms=<ms> throughput_mb_s=<val> avg_file_ms=<ms>}
photopipeline --dev
  format=tiff backend=(first) tech=(first) lossless=false bitdepth=16 color=keep conflict=overwrite
  out=.cache/regression/out-full-tiff workers=1 files=27 metadata_only=false params=[compression=lzw deflate_level=6 predictor=2 tiff_tile_height=0 tiff_tile_width=0]

file                                           state          bytes        ms  warnings
tests/golden/base/anim.gif ok 2029 <ms> MultipageTruncated
tests/golden/base/bmp24.bmp ok 1927 <ms>
tests/golden/base/gray16.png ok 1323 <ms>
tests/golden/base/gray16.tif ok 1323 <ms>
tests/golden/base/gray8.png ok 1323 <ms>
tests/golden/base/graya8.png ok 1725 <ms>
tests/golden/base/jxl8.jxl ok 2443 <ms>
tests/golden/base/multi.tif ok 1927 <ms> MultipageTruncated
tests/golden/base/photo.jpg ok 1927 <ms>
tests/golden/base/rgb16.png ok 1927 <ms>
tests/golden/base/rgb16.tif ok 1927 <ms>
tests/golden/base/rgb8.png ok 1927 <ms>
tests/golden/base/rgb8.tif ok 1927 <ms>
tests/golden/base/rgba16.png ok 1985 <ms>
tests/golden/base/rgba8.png ok 1985 <ms>
tests/golden/base/targa.tga ok 1927 <ms>
tests/golden/edge/cmyk.tif failed 0 <ms>
    error: probe failed: CMYK input is not supported
tests/golden/edge/corrupt_trunc.jpg failed 0 <ms>
    error: probe failed: JPEG error: <repo>\vcpkg\buildtrees\libjpeg-turbo\src\56c1f52a20-f26ed ("tests/golden/edge/corrupt_trunc.jpg")
tests/golden/edge/corrupt_zero.png failed 0 <ms>
    error: probe failed: Not a PNG file
tests/golden/edge/测试📸unicode.png ok 1927 <ms>
tests/golden/meta/avif_exif.avif ok 6592 <ms>
tests/golden/meta/cmyk.tif failed 0 <ms>
    error: probe failed: CMYK input is not supported
tests/golden/meta/exif_full.jpg ok 5199 <ms>
tests/golden/meta/heif_exif.heic ok 6295 <ms>
tests/golden/meta/jxl_exif.jxl ok 5449 <ms>
tests/golden/meta/webp_lossless.webp ok 1931 <ms>
tests/golden/meta/webp_lossy.webp ok 7006 <ms>

SUMMARY files=27 ok=23 failed=4 skipped=0 cancelled=0 bytes=63951 total_ms=<ms> throughput_mb_s=<val> avg_file_ms=<ms>
EXIT 4 (failed files)
### run full-webp rc=4 args=--format webp
[info] [tid] [run] [main.cpp] run start {outputs=webp output_count=1 template=$dir/$file lossless=false color=keep conflict=overwrite workers=1 files=27 metadata_only=false out=.cache/regression/out-full-webp params="alpha_compression=true alpha_filtering=1 alpha_quality=100 autofilter=false emulate_jpeg_size=false filter_sharpness=0 filter_strength=30 filter_type=true lossless=false low_memory=false method=4 partition_limit=0 partitions=0 pass=1 preprocessing=0 preset=2 qmax=100 qmin=0 quality=90 segments=4 sharp_yuv=true sns_strength=50"}
[info] [tid] [run] [main.cpp] version {lib=app version=0.2.0}
[info] [tid] [run] [main.cpp] version {lib=qt version=6.11.2}
[info] [tid] [run] [main.cpp] version {lib=oiio version=3.1.17.0}
[info] [tid] [run] [main.cpp] version {lib=jpegli version=031a0077}
[info] [tid] [run] [main.cpp] version {lib=libjxl version=0x00002ee0}
[info] [tid] [run] [main.cpp] version {lib=libheif version=1.23.5}
[info] [tid] [run] [main.cpp] version {lib=exiv2 version=0.28.9}
[info] [tid] [run] [main.cpp] version {lib=lcms2 version=2190}
[info] [tid] [run] [main.cpp] version {lib=webp version=1.6.0}
[info] [tid] [run] [main.cpp] version {lib=tiff version="LIBTIFF, Version 4.7.2"}
[info] [tid] [run] [main.cpp] version {lib=x265 version="x265 HEVC encoder (4.3-vcpkg)"}
[info] [tid] [run] [main.cpp] version {lib=svt-av1 version="SVT-AV1 encoder v4.2.0"}
[info] [tid] [run] [main.cpp] version {lib=aom version="AOMedia Project AV1 Encoder v3.15.1"}
[info] [tid] [scheduler] [scheduler.cpp] start {files=27 workers=1 workers_resolved=1 stagger_ms=<ms> thread_budget=16 budget_bytes=<bytes> outputs=1 formats=webp template=$dir/$file mode=transcode}
[info] [tid] [sched] [scheduler.cpp] file start {index=0 src=tests/golden/base/anim.gif stagger_offset_ms=<ms> stagger_ms=<ms>}
[info] [tid] [sched] [scheduler.cpp] thread alloc {index=0 alloc_files=16 encode_threads=1 active_files=1 sum_encode_threads=1 thread_budget=16}
[info] [tid] [pipeline] [pipeline.cpp] pixel budget acquired {src=tests/golden/base/anim.gif need_bytes=131072 capacity_bytes=<bytes> used_bytes=131072 peak_bytes=131072}
[info] [tid] [pipeline] [pipeline.cpp] output done {src=tests/golden/base/anim.gif out=".cache/regression/out-full-webp\\base\\anim.webp" format=webp ok=true bytes=108 encode_ms=<ms> metawrite_ms=<ms> warnings=1}
[warning] [tid] [pipeline] [pipeline.cpp] output warning {src=tests/golden/base/anim.gif out=".cache/regression/out-full-webp\\base\\anim.webp" detail="multipage or animated input: only the first page was decoded"}
[info] [tid] [pipeline] [pipeline.cpp] file done {src=tests/golden/base/anim.gif outputs=1 ok_outputs=1 bytes=0 decode_ms=<ms> orient_ms=<ms> color_ms=<ms> flatten_ms=<ms> encode_ms=<ms> metawrite_ms=<ms> verdict=Done warnings=0}
[info] [tid] [sched] [scheduler.cpp] file start {index=1 src=tests/golden/base/bmp24.bmp stagger_offset_ms=<ms> stagger_ms=<ms>}
[info] [tid] [sched] [scheduler.cpp] thread alloc {index=1 alloc_files=16 encode_threads=1 active_files=1 sum_encode_threads=1 thread_budget=16}
[info] [tid] [pipeline] [pipeline.cpp] pixel budget acquired {src=tests/golden/base/bmp24.bmp need_bytes=98304 capacity_bytes=<bytes> used_bytes=98304 peak_bytes=131072}
[info] [tid] [pipeline] [pipeline.cpp] output done {src=tests/golden/base/bmp24.bmp out=".cache/regression/out-full-webp\\base\\bmp24.webp" format=webp ok=true bytes=108 encode_ms=<ms> metawrite_ms=<ms> warnings=0}
[info] [tid] [pipeline] [pipeline.cpp] file done {src=tests/golden/base/bmp24.bmp outputs=1 ok_outputs=1 bytes=0 decode_ms=<ms> orient_ms=<ms> color_ms=<ms> flatten_ms=<ms> encode_ms=<ms> metawrite_ms=<ms> verdict=Done warnings=0}
[info] [tid] [sched] [scheduler.cpp] file start {index=2 src=tests/golden/base/gray16.png stagger_offset_ms=<ms> stagger_ms=<ms>}
[info] [tid] [sched] [scheduler.cpp] thread alloc {index=2 alloc_files=16 encode_threads=1 active_files=1 sum_encode_threads=1 thread_budget=16}
[info] [tid] [pipeline] [pipeline.cpp] pixel budget acquired {src=tests/golden/base/gray16.png need_bytes=32768 capacity_bytes=<bytes> used_bytes=32768 peak_bytes=131072}
[info] [tid] [pipeline] [pipeline.cpp] output done {src=tests/golden/base/gray16.png out=".cache/regression/out-full-webp\\base\\gray16.webp" format=webp ok=true bytes=722 encode_ms=<ms> metawrite_ms=<ms> warnings=2}
[warning] [tid] [pipeline] [pipeline.cpp] output warning {src=tests/golden/base/gray16.png out=".cache/regression/out-full-webp\\base\\gray16.webp" detail="grayscale source encoded as RGB for format 'webp'"}
[warning] [tid] [pipeline] [pipeline.cpp] output warning {src=tests/golden/base/gray16.png out=".cache/regression/out-full-webp\\base\\gray16.webp" detail="source bit depth 16 -> output bit depth 8"}
[info] [tid] [pipeline] [pipeline.cpp] file done {src=tests/golden/base/gray16.png outputs=1 ok_outputs=1 bytes=0 decode_ms=<ms> orient_ms=<ms> color_ms=<ms> flatten_ms=<ms> encode_ms=<ms> metawrite_ms=<ms> verdict=Done warnings=0}
[info] [tid] [sched] [scheduler.cpp] file start {index=3 src=tests/golden/base/gray16.tif stagger_offset_ms=<ms> stagger_ms=<ms>}
[info] [tid] [sched] [scheduler.cpp] thread alloc {index=3 alloc_files=16 encode_threads=1 active_files=1 sum_encode_threads=1 thread_budget=16}
[info] [tid] [pipeline] [pipeline.cpp] pixel budget acquired {src=tests/golden/base/gray16.tif need_bytes=32768 capacity_bytes=<bytes> used_bytes=32768 peak_bytes=131072}
[info] [tid] [pipeline] [pipeline.cpp] output done {src=tests/golden/base/gray16.tif out=".cache/regression/out-full-webp\\base\\gray16.webp" format=webp ok=true bytes=722 encode_ms=<ms> metawrite_ms=<ms> warnings=2}
[warning] [tid] [pipeline] [pipeline.cpp] output warning {src=tests/golden/base/gray16.tif out=".cache/regression/out-full-webp\\base\\gray16.webp" detail="grayscale source encoded as RGB for format 'webp'"}
[warning] [tid] [pipeline] [pipeline.cpp] output warning {src=tests/golden/base/gray16.tif out=".cache/regression/out-full-webp\\base\\gray16.webp" detail="source bit depth 16 -> output bit depth 8"}
[info] [tid] [pipeline] [pipeline.cpp] file done {src=tests/golden/base/gray16.tif outputs=1 ok_outputs=1 bytes=0 decode_ms=<ms> orient_ms=<ms> color_ms=<ms> flatten_ms=<ms> encode_ms=<ms> metawrite_ms=<ms> verdict=Done warnings=0}
[info] [tid] [sched] [scheduler.cpp] file start {index=4 src=tests/golden/base/gray8.png stagger_offset_ms=<ms> stagger_ms=<ms>}
[info] [tid] [sched] [scheduler.cpp] thread alloc {index=4 alloc_files=16 encode_threads=1 active_files=1 sum_encode_threads=1 thread_budget=16}
[info] [tid] [pipeline] [pipeline.cpp] pixel budget acquired {src=tests/golden/base/gray8.png need_bytes=32768 capacity_bytes=<bytes> used_bytes=32768 peak_bytes=131072}
[info] [tid] [pipeline] [pipeline.cpp] output done {src=tests/golden/base/gray8.png out=".cache/regression/out-full-webp\\base\\gray8.webp" format=webp ok=true bytes=722 encode_ms=<ms> metawrite_ms=<ms> warnings=1}
[warning] [tid] [pipeline] [pipeline.cpp] output warning {src=tests/golden/base/gray8.png out=".cache/regression/out-full-webp\\base\\gray8.webp" detail="grayscale source encoded as RGB for format 'webp'"}
[info] [tid] [pipeline] [pipeline.cpp] file done {src=tests/golden/base/gray8.png outputs=1 ok_outputs=1 bytes=0 decode_ms=<ms> orient_ms=<ms> color_ms=<ms> flatten_ms=<ms> encode_ms=<ms> metawrite_ms=<ms> verdict=Done warnings=0}
[info] [tid] [sched] [scheduler.cpp] file start {index=5 src=tests/golden/base/graya8.png stagger_offset_ms=<ms> stagger_ms=<ms>}
[info] [tid] [sched] [scheduler.cpp] thread alloc {index=5 alloc_files=16 encode_threads=1 active_files=1 sum_encode_threads=1 thread_budget=16}
[info] [tid] [pipeline] [pipeline.cpp] pixel budget acquired {src=tests/golden/base/graya8.png need_bytes=65536 capacity_bytes=<bytes> used_bytes=65536 peak_bytes=131072}
[info] [tid] [pipeline] [pipeline.cpp] output done {src=tests/golden/base/graya8.png out=".cache/regression/out-full-webp\\base\\graya8.webp" format=webp ok=true bytes=764 encode_ms=<ms> metawrite_ms=<ms> warnings=1}
[warning] [tid] [pipeline] [pipeline.cpp] output warning {src=tests/golden/base/graya8.png out=".cache/regression/out-full-webp\\base\\graya8.webp" detail="grayscale source encoded as RGB for format 'webp'"}
[info] [tid] [pipeline] [pipeline.cpp] file done {src=tests/golden/base/graya8.png outputs=1 ok_outputs=1 bytes=0 decode_ms=<ms> orient_ms=<ms> color_ms=<ms> flatten_ms=<ms> encode_ms=<ms> metawrite_ms=<ms> verdict=Done warnings=0}
[info] [tid] [sched] [scheduler.cpp] file start {index=6 src=tests/golden/base/jxl8.jxl stagger_offset_ms=<ms> stagger_ms=<ms>}
[info] [tid] [sched] [scheduler.cpp] thread alloc {index=6 alloc_files=16 encode_threads=1 active_files=1 sum_encode_threads=1 thread_budget=16}
[info] [tid] [pipeline] [pipeline.cpp] CICP (1,13) → sRGB {src=tests/golden/base/jxl8.jxl}
[info] [tid] [pipeline] [pipeline.cpp] pixel budget acquired {src=tests/golden/base/jxl8.jxl need_bytes=98304 capacity_bytes=<bytes> used_bytes=98304 peak_bytes=131072}
[info] [tid] [pipeline] [pipeline.cpp] output done {src=tests/golden/base/jxl8.jxl out=".cache/regression/out-full-webp\\base\\jxl8.webp" format=webp ok=true bytes=638 encode_ms=<ms> metawrite_ms=<ms> warnings=0}
[info] [tid] [pipeline] [pipeline.cpp] file done {src=tests/golden/base/jxl8.jxl outputs=1 ok_outputs=1 bytes=0 decode_ms=<ms> orient_ms=<ms> color_ms=<ms> flatten_ms=<ms> encode_ms=<ms> metawrite_ms=<ms> verdict=Done warnings=0}
[info] [tid] [sched] [scheduler.cpp] file start {index=7 src=tests/golden/base/multi.tif stagger_offset_ms=<ms> stagger_ms=<ms>}
[info] [tid] [sched] [scheduler.cpp] thread alloc {index=7 alloc_files=16 encode_threads=1 active_files=1 sum_encode_threads=1 thread_budget=16}
[info] [tid] [pipeline] [pipeline.cpp] pixel budget acquired {src=tests/golden/base/multi.tif need_bytes=98304 capacity_bytes=<bytes> used_bytes=98304 peak_bytes=131072}
[info] [tid] [pipeline] [pipeline.cpp] output done {src=tests/golden/base/multi.tif out=".cache/regression/out-full-webp\\base\\multi.webp" format=webp ok=true bytes=108 encode_ms=<ms> metawrite_ms=<ms> warnings=1}
[warning] [tid] [pipeline] [pipeline.cpp] output warning {src=tests/golden/base/multi.tif out=".cache/regression/out-full-webp\\base\\multi.webp" detail="multipage or animated input: only the first page was decoded"}
[info] [tid] [pipeline] [pipeline.cpp] file done {src=tests/golden/base/multi.tif outputs=1 ok_outputs=1 bytes=0 decode_ms=<ms> orient_ms=<ms> color_ms=<ms> flatten_ms=<ms> encode_ms=<ms> metawrite_ms=<ms> verdict=Done warnings=0}
[info] [tid] [sched] [scheduler.cpp] file start {index=8 src=tests/golden/base/photo.jpg stagger_offset_ms=<ms> stagger_ms=<ms>}
[info] [tid] [sched] [scheduler.cpp] thread alloc {index=8 alloc_files=16 encode_threads=1 active_files=1 sum_encode_threads=1 thread_budget=16}
[info] [tid] [pipeline] [pipeline.cpp] pixel budget acquired {src=tests/golden/base/photo.jpg need_bytes=98304 capacity_bytes=<bytes> used_bytes=98304 peak_bytes=131072}
[info] [tid] [pipeline] [pipeline.cpp] output done {src=tests/golden/base/photo.jpg out=".cache/regression/out-full-webp\\base\\photo.webp" format=webp ok=true bytes=108 encode_ms=<ms> metawrite_ms=<ms> warnings=0}
[info] [tid] [pipeline] [pipeline.cpp] file done {src=tests/golden/base/photo.jpg outputs=1 ok_outputs=1 bytes=0 decode_ms=<ms> orient_ms=<ms> color_ms=<ms> flatten_ms=<ms> encode_ms=<ms> metawrite_ms=<ms> verdict=Done warnings=0}
[info] [tid] [sched] [scheduler.cpp] file start {index=9 src=tests/golden/base/rgb16.png stagger_offset_ms=<ms> stagger_ms=<ms>}
[info] [tid] [sched] [scheduler.cpp] thread alloc {index=9 alloc_files=16 encode_threads=1 active_files=1 sum_encode_threads=1 thread_budget=16}
[info] [tid] [pipeline] [pipeline.cpp] pixel budget acquired {src=tests/golden/base/rgb16.png need_bytes=98304 capacity_bytes=<bytes> used_bytes=98304 peak_bytes=131072}
[info] [tid] [pipeline] [pipeline.cpp] output done {src=tests/golden/base/rgb16.png out=".cache/regression/out-full-webp\\base\\rgb16.webp" format=webp ok=true bytes=108 encode_ms=<ms> metawrite_ms=<ms> warnings=1}
[warning] [tid] [pipeline] [pipeline.cpp] output warning {src=tests/golden/base/rgb16.png out=".cache/regression/out-full-webp\\base\\rgb16.webp" detail="source bit depth 16 -> output bit depth 8"}
[info] [tid] [pipeline] [pipeline.cpp] file done {src=tests/golden/base/rgb16.png outputs=1 ok_outputs=1 bytes=0 decode_ms=<ms> orient_ms=<ms> color_ms=<ms> flatten_ms=<ms> encode_ms=<ms> metawrite_ms=<ms> verdict=Done warnings=0}
[info] [tid] [sched] [scheduler.cpp] file start {index=10 src=tests/golden/base/rgb16.tif stagger_offset_ms=<ms> stagger_ms=<ms>}
[info] [tid] [sched] [scheduler.cpp] thread alloc {index=10 alloc_files=16 encode_threads=1 active_files=1 sum_encode_threads=1 thread_budget=16}
[info] [tid] [pipeline] [pipeline.cpp] pixel budget acquired {src=tests/golden/base/rgb16.tif need_bytes=98304 capacity_bytes=<bytes> used_bytes=98304 peak_bytes=131072}
[info] [tid] [pipeline] [pipeline.cpp] output done {src=tests/golden/base/rgb16.tif out=".cache/regression/out-full-webp\\base\\rgb16.webp" format=webp ok=true bytes=108 encode_ms=<ms> metawrite_ms=<ms> warnings=1}
[warning] [tid] [pipeline] [pipeline.cpp] output warning {src=tests/golden/base/rgb16.tif out=".cache/regression/out-full-webp\\base\\rgb16.webp" detail="source bit depth 16 -> output bit depth 8"}
[info] [tid] [pipeline] [pipeline.cpp] file done {src=tests/golden/base/rgb16.tif outputs=1 ok_outputs=1 bytes=0 decode_ms=<ms> orient_ms=<ms> color_ms=<ms> flatten_ms=<ms> encode_ms=<ms> metawrite_ms=<ms> verdict=Done warnings=0}
[info] [tid] [sched] [scheduler.cpp] file start {index=11 src=tests/golden/base/rgb8.png stagger_offset_ms=<ms> stagger_ms=<ms>}
[info] [tid] [sched] [scheduler.cpp] thread alloc {index=11 alloc_files=16 encode_threads=1 active_files=1 sum_encode_threads=1 thread_budget=16}
[info] [tid] [pipeline] [pipeline.cpp] pixel budget acquired {src=tests/golden/base/rgb8.png need_bytes=98304 capacity_bytes=<bytes> used_bytes=98304 peak_bytes=131072}
[info] [tid] [pipeline] [pipeline.cpp] output done {src=tests/golden/base/rgb8.png out=".cache/regression/out-full-webp\\base\\rgb8.webp" format=webp ok=true bytes=108 encode_ms=<ms> metawrite_ms=<ms> warnings=0}
[info] [tid] [pipeline] [pipeline.cpp] file done {src=tests/golden/base/rgb8.png outputs=1 ok_outputs=1 bytes=0 decode_ms=<ms> orient_ms=<ms> color_ms=<ms> flatten_ms=<ms> encode_ms=<ms> metawrite_ms=<ms> verdict=Done warnings=0}
[info] [tid] [sched] [scheduler.cpp] file start {index=12 src=tests/golden/base/rgb8.tif stagger_offset_ms=<ms> stagger_ms=<ms>}
[info] [tid] [sched] [scheduler.cpp] thread alloc {index=12 alloc_files=15 encode_threads=1 active_files=1 sum_encode_threads=1 thread_budget=16}
[info] [tid] [pipeline] [pipeline.cpp] pixel budget acquired {src=tests/golden/base/rgb8.tif need_bytes=98304 capacity_bytes=<bytes> used_bytes=98304 peak_bytes=131072}
[info] [tid] [pipeline] [pipeline.cpp] output done {src=tests/golden/base/rgb8.tif out=".cache/regression/out-full-webp\\base\\rgb8.webp" format=webp ok=true bytes=108 encode_ms=<ms> metawrite_ms=<ms> warnings=0}
[info] [tid] [pipeline] [pipeline.cpp] file done {src=tests/golden/base/rgb8.tif outputs=1 ok_outputs=1 bytes=0 decode_ms=<ms> orient_ms=<ms> color_ms=<ms> flatten_ms=<ms> encode_ms=<ms> metawrite_ms=<ms> verdict=Done warnings=0}
[info] [tid] [sched] [scheduler.cpp] file start {index=13 src=tests/golden/base/rgba16.png stagger_offset_ms=<ms> stagger_ms=<ms>}
[info] [tid] [sched] [scheduler.cpp] thread alloc {index=13 alloc_files=14 encode_threads=1 active_files=1 sum_encode_threads=1 thread_budget=16}
[info] [tid] [pipeline] [pipeline.cpp] pixel budget acquired {src=tests/golden/base/rgba16.png need_bytes=131072 capacity_bytes=<bytes> used_bytes=131072 peak_bytes=131072}
[info] [tid] [pipeline] [pipeline.cpp] output done {src=tests/golden/base/rgba16.png out=".cache/regression/out-full-webp\\base\\rgba16.webp" format=webp ok=true bytes=168 encode_ms=<ms> metawrite_ms=<ms> warnings=1}
[warning] [tid] [pipeline] [pipeline.cpp] output warning {src=tests/golden/base/rgba16.png out=".cache/regression/out-full-webp\\base\\rgba16.webp" detail="source bit depth 16 -> output bit depth 8"}
[info] [tid] [pipeline] [pipeline.cpp] file done {src=tests/golden/base/rgba16.png outputs=1 ok_outputs=1 bytes=0 decode_ms=<ms> orient_ms=<ms> color_ms=<ms> flatten_ms=<ms> encode_ms=<ms> metawrite_ms=<ms> verdict=Done warnings=0}
[info] [tid] [sched] [scheduler.cpp] file start {index=14 src=tests/golden/base/rgba8.png stagger_offset_ms=<ms> stagger_ms=<ms>}
[info] [tid] [sched] [scheduler.cpp] thread alloc {index=14 alloc_files=13 encode_threads=1 active_files=1 sum_encode_threads=1 thread_budget=16}
[info] [tid] [pipeline] [pipeline.cpp] pixel budget acquired {src=tests/golden/base/rgba8.png need_bytes=131072 capacity_bytes=<bytes> used_bytes=131072 peak_bytes=131072}
[info] [tid] [pipeline] [pipeline.cpp] output done {src=tests/golden/base/rgba8.png out=".cache/regression/out-full-webp\\base\\rgba8.webp" format=webp ok=true bytes=168 encode_ms=<ms> metawrite_ms=<ms> warnings=0}
[info] [tid] [pipeline] [pipeline.cpp] file done {src=tests/golden/base/rgba8.png outputs=1 ok_outputs=1 bytes=0 decode_ms=<ms> orient_ms=<ms> color_ms=<ms> flatten_ms=<ms> encode_ms=<ms> metawrite_ms=<ms> verdict=Done warnings=0}
[info] [tid] [sched] [scheduler.cpp] file start {index=15 src=tests/golden/base/targa.tga stagger_offset_ms=<ms> stagger_ms=<ms>}
[info] [tid] [sched] [scheduler.cpp] thread alloc {index=15 alloc_files=12 encode_threads=1 active_files=1 sum_encode_threads=1 thread_budget=16}
[info] [tid] [pipeline] [pipeline.cpp] pixel budget acquired {src=tests/golden/base/targa.tga need_bytes=98304 capacity_bytes=<bytes> used_bytes=98304 peak_bytes=131072}
[info] [tid] [pipeline] [pipeline.cpp] output done {src=tests/golden/base/targa.tga out=".cache/regression/out-full-webp\\base\\targa.webp" format=webp ok=true bytes=108 encode_ms=<ms> metawrite_ms=<ms> warnings=0}
[info] [tid] [pipeline] [pipeline.cpp] file done {src=tests/golden/base/targa.tga outputs=1 ok_outputs=1 bytes=0 decode_ms=<ms> orient_ms=<ms> color_ms=<ms> flatten_ms=<ms> encode_ms=<ms> metawrite_ms=<ms> verdict=Done warnings=0}
[info] [tid] [sched] [scheduler.cpp] file start {index=16 src=tests/golden/edge/cmyk.tif stagger_offset_ms=<ms> stagger_ms=<ms>}
[info] [tid] [sched] [scheduler.cpp] file start {index=17 src=tests/golden/edge/corrupt_trunc.jpg stagger_offset_ms=<ms> stagger_ms=<ms>}
[info] [tid] [sched] [scheduler.cpp] file start {index=18 src=tests/golden/edge/corrupt_zero.png stagger_offset_ms=<ms> stagger_ms=<ms>}
[info] [tid] [sched] [scheduler.cpp] file start {index=19 src=tests/golden/edge/测试📸unicode.png stagger_offset_ms=<ms> stagger_ms=<ms>}
[info] [tid] [sched] [scheduler.cpp] thread alloc {index=19 alloc_files=8 encode_threads=2 active_files=1 sum_encode_threads=2 thread_budget=16}
[info] [tid] [pipeline] [pipeline.cpp] pixel budget acquired {src=tests/golden/edge/测试📸unicode.png need_bytes=98304 capacity_bytes=<bytes> used_bytes=98304 peak_bytes=131072}
[info] [tid] [pipeline] [pipeline.cpp] output done {src=tests/golden/edge/测试📸unicode.png out=".cache/regression/out-full-webp\\edge\\测试📸unicode.webp" format=webp ok=true bytes=108 encode_ms=<ms> metawrite_ms=<ms> warnings=0}
[info] [tid] [pipeline] [pipeline.cpp] file done {src=tests/golden/edge/测试📸unicode.png outputs=1 ok_outputs=1 bytes=0 decode_ms=<ms> orient_ms=<ms> color_ms=<ms> flatten_ms=<ms> encode_ms=<ms> metawrite_ms=<ms> verdict=Done warnings=0}
[info] [tid] [sched] [scheduler.cpp] file start {index=20 src=tests/golden/meta/avif_exif.avif stagger_offset_ms=<ms> stagger_ms=<ms>}
[info] [tid] [sched] [scheduler.cpp] thread alloc {index=20 alloc_files=7 encode_threads=2 active_files=1 sum_encode_threads=2 thread_budget=16}
[info] [tid] [pipeline] [pipeline.cpp] pixel budget acquired {src=tests/golden/meta/avif_exif.avif need_bytes=98304 capacity_bytes=<bytes> used_bytes=98304 peak_bytes=131072}
[info] [tid] [pipeline] [pipeline.cpp] output done {src=tests/golden/meta/avif_exif.avif out=".cache/regression/out-full-webp\\meta\\avif_exif.webp" format=webp ok=true bytes=348 encode_ms=<ms> metawrite_ms=<ms> warnings=0}
[info] [tid] [pipeline] [pipeline.cpp] file done {src=tests/golden/meta/avif_exif.avif outputs=1 ok_outputs=1 bytes=0 decode_ms=<ms> orient_ms=<ms> color_ms=<ms> flatten_ms=<ms> encode_ms=<ms> metawrite_ms=<ms> verdict=Done warnings=0}
[info] [tid] [sched] [scheduler.cpp] file start {index=21 src=tests/golden/meta/cmyk.tif stagger_offset_ms=<ms> stagger_ms=<ms>}
[info] [tid] [sched] [scheduler.cpp] file start {index=22 src=tests/golden/meta/exif_full.jpg stagger_offset_ms=<ms> stagger_ms=<ms>}
[info] [tid] [sched] [scheduler.cpp] thread alloc {index=22 alloc_files=5 encode_threads=3 active_files=1 sum_encode_threads=3 thread_budget=16}
[info] [tid] [pipeline] [pipeline.cpp] pixel budget acquired {src=tests/golden/meta/exif_full.jpg need_bytes=98304 capacity_bytes=<bytes> used_bytes=98304 peak_bytes=131072}
[info] [tid] [pipeline] [pipeline.cpp] output done {src=tests/golden/meta/exif_full.jpg out=".cache/regression/out-full-webp\\meta\\exif_full.webp" format=webp ok=true bytes=340 encode_ms=<ms> metawrite_ms=<ms> warnings=0}
[info] [tid] [pipeline] [pipeline.cpp] file done {src=tests/golden/meta/exif_full.jpg outputs=1 ok_outputs=1 bytes=0 decode_ms=<ms> orient_ms=<ms> color_ms=<ms> flatten_ms=<ms> encode_ms=<ms> metawrite_ms=<ms> verdict=Done warnings=0}
[info] [tid] [sched] [scheduler.cpp] file start {index=23 src=tests/golden/meta/heif_exif.heic stagger_offset_ms=<ms> stagger_ms=<ms>}
[info] [tid] [sched] [scheduler.cpp] thread alloc {index=23 alloc_files=4 encode_threads=4 active_files=1 sum_encode_threads=4 thread_budget=16}
[info] [tid] [pipeline] [pipeline.cpp] pixel budget acquired {src=tests/golden/meta/heif_exif.heic need_bytes=98304 capacity_bytes=<bytes> used_bytes=98304 peak_bytes=131072}
[info] [tid] [pipeline] [pipeline.cpp] output done {src=tests/golden/meta/heif_exif.heic out=".cache/regression/out-full-webp\\meta\\heif_exif.webp" format=webp ok=true bytes=352 encode_ms=<ms> metawrite_ms=<ms> warnings=0}
[info] [tid] [pipeline] [pipeline.cpp] file done {src=tests/golden/meta/heif_exif.heic outputs=1 ok_outputs=1 bytes=0 decode_ms=<ms> orient_ms=<ms> color_ms=<ms> flatten_ms=<ms> encode_ms=<ms> metawrite_ms=<ms> verdict=Done warnings=0}
[info] [tid] [sched] [scheduler.cpp] file start {index=24 src=tests/golden/meta/jxl_exif.jxl stagger_offset_ms=<ms> stagger_ms=<ms>}
[info] [tid] [sched] [scheduler.cpp] thread alloc {index=24 alloc_files=3 encode_threads=5 active_files=1 sum_encode_threads=5 thread_budget=16}
[info] [tid] [pipeline] [pipeline.cpp] CICP (1,13) → sRGB {src=tests/golden/meta/jxl_exif.jxl}
[info] [tid] [pipeline] [pipeline.cpp] pixel budget acquired {src=tests/golden/meta/jxl_exif.jxl need_bytes=98304 capacity_bytes=<bytes> used_bytes=98304 peak_bytes=131072}
[info] [tid] [pipeline] [pipeline.cpp] output done {src=tests/golden/meta/jxl_exif.jxl out=".cache/regression/out-full-webp\\meta\\jxl_exif.webp" format=webp ok=true bytes=868 encode_ms=<ms> metawrite_ms=<ms> warnings=0}
[info] [tid] [pipeline] [pipeline.cpp] file done {src=tests/golden/meta/jxl_exif.jxl outputs=1 ok_outputs=1 bytes=0 decode_ms=<ms> orient_ms=<ms> color_ms=<ms> flatten_ms=<ms> encode_ms=<ms> metawrite_ms=<ms> verdict=Done warnings=0}
[info] [tid] [sched] [scheduler.cpp] file start {index=25 src=tests/golden/meta/webp_lossless.webp stagger_offset_ms=<ms> stagger_ms=<ms>}
[info] [tid] [sched] [scheduler.cpp] thread alloc {index=25 alloc_files=2 encode_threads=8 active_files=1 sum_encode_threads=8 thread_budget=16}
[info] [tid] [pipeline] [pipeline.cpp] pixel budget acquired {src=tests/golden/meta/webp_lossless.webp need_bytes=98304 capacity_bytes=<bytes> used_bytes=98304 peak_bytes=131072}
[info] [tid] [pipeline] [pipeline.cpp] output done {src=tests/golden/meta/webp_lossless.webp out=".cache/regression/out-full-webp\\meta\\webp_lossless.webp" format=webp ok=true bytes=324 encode_ms=<ms> metawrite_ms=<ms> warnings=0}
[info] [tid] [pipeline] [pipeline.cpp] file done {src=tests/golden/meta/webp_lossless.webp outputs=1 ok_outputs=1 bytes=0 decode_ms=<ms> orient_ms=<ms> color_ms=<ms> flatten_ms=<ms> encode_ms=<ms> metawrite_ms=<ms> verdict=Done warnings=0}
[info] [tid] [sched] [scheduler.cpp] file start {index=26 src=tests/golden/meta/webp_lossy.webp stagger_offset_ms=<ms> stagger_ms=<ms>}
[info] [tid] [sched] [scheduler.cpp] thread alloc {index=26 alloc_files=1 encode_threads=16 active_files=1 sum_encode_threads=16 thread_budget=16}
[info] [tid] [pipeline] [pipeline.cpp] pixel budget acquired {src=tests/golden/meta/webp_lossy.webp need_bytes=98304 capacity_bytes=<bytes> used_bytes=98304 peak_bytes=131072}
[info] [tid] [pipeline] [pipeline.cpp] output done {src=tests/golden/meta/webp_lossy.webp out=".cache/regression/out-full-webp\\meta\\webp_lossy.webp" format=webp ok=true bytes=324 encode_ms=<ms> metawrite_ms=<ms> warnings=0}
[info] [tid] [pipeline] [pipeline.cpp] file done {src=tests/golden/meta/webp_lossy.webp outputs=1 ok_outputs=1 bytes=0 decode_ms=<ms> orient_ms=<ms> color_ms=<ms> flatten_ms=<ms> encode_ms=<ms> metawrite_ms=<ms> verdict=Done warnings=0}
[info] [tid] [scheduler] [scheduler.cpp] e3 report {thread_budget=16 stagger_ms=<ms> peak_active_files=1 peak_sum_encode_threads=16 active_files_end=0 files_done=27}
[info] [tid] [run] [main.cpp] run summary {files=27 ok=23 failed=4 skipped=0 cancelled=0 bytes=7540 total_ms=<ms> throughput_mb_s=<val> avg_file_ms=<ms>}
photopipeline --dev
  format=webp backend=(first) tech=(first) lossless=false bitdepth=8 color=keep conflict=overwrite
  out=.cache/regression/out-full-webp workers=1 files=27 metadata_only=false params=[alpha_compression=true alpha_filtering=1 alpha_quality=100 autofilter=false emulate_jpeg_size=false filter_sharpness=0 filter_strength=30 filter_type=true lossless=false low_memory=false method=4 partition_limit=0 partitions=0 pass=1 preprocessing=0 preset=2 qmax=100 qmin=0 quality=90 segments=4 sharp_yuv=true sns_strength=50]

file                                           state          bytes        ms  warnings
tests/golden/base/anim.gif ok 108 <ms> MultipageTruncated
tests/golden/base/bmp24.bmp ok 108 <ms>
tests/golden/base/gray16.png ok 722 <ms> GrayToRgbEncoded,DepthDowngrade
tests/golden/base/gray16.tif ok 722 <ms> GrayToRgbEncoded,DepthDowngrade
tests/golden/base/gray8.png ok 722 <ms> GrayToRgbEncoded
tests/golden/base/graya8.png ok 764 <ms> GrayToRgbEncoded
tests/golden/base/jxl8.jxl ok 638 <ms>
tests/golden/base/multi.tif ok 108 <ms> MultipageTruncated
tests/golden/base/photo.jpg ok 108 <ms>
tests/golden/base/rgb16.png ok 108 <ms> DepthDowngrade
tests/golden/base/rgb16.tif ok 108 <ms> DepthDowngrade
tests/golden/base/rgb8.png ok 108 <ms>
tests/golden/base/rgb8.tif ok 108 <ms>
tests/golden/base/rgba16.png ok 168 <ms> DepthDowngrade
tests/golden/base/rgba8.png ok 168 <ms>
tests/golden/base/targa.tga ok 108 <ms>
tests/golden/edge/cmyk.tif failed 0 <ms>
    error: probe failed: CMYK input is not supported
tests/golden/edge/corrupt_trunc.jpg failed 0 <ms>
    error: probe failed: JPEG error: <repo>\vcpkg\buildtrees\libjpeg-turbo\src\56c1f52a20-f26ed ("tests/golden/edge/corrupt_trunc.jpg")
tests/golden/edge/corrupt_zero.png failed 0 <ms>
    error: probe failed: Not a PNG file
tests/golden/edge/测试📸unicode.png ok 108 <ms>
tests/golden/meta/avif_exif.avif ok 348 <ms>
tests/golden/meta/cmyk.tif failed 0 <ms>
    error: probe failed: CMYK input is not supported
tests/golden/meta/exif_full.jpg ok 340 <ms>
tests/golden/meta/heif_exif.heic ok 352 <ms>
tests/golden/meta/jxl_exif.jxl ok 868 <ms>
tests/golden/meta/webp_lossless.webp ok 324 <ms>
tests/golden/meta/webp_lossy.webp ok 324 <ms>

SUMMARY files=27 ok=23 failed=4 skipped=0 cancelled=0 bytes=7540 total_ms=<ms> throughput_mb_s=<val> avg_file_ms=<ms>
EXIT 4 (failed files)
### run full-bmp rc=4 args=--format bmp
[info] [tid] [run] [main.cpp] run start {outputs=bmp output_count=1 template=$dir/$file lossless=false color=keep conflict=overwrite workers=1 files=27 metadata_only=false out=.cache/regression/out-full-bmp params=""}
[info] [tid] [run] [main.cpp] version {lib=app version=0.2.0}
[info] [tid] [run] [main.cpp] version {lib=qt version=6.11.2}
[info] [tid] [run] [main.cpp] version {lib=oiio version=3.1.17.0}
[info] [tid] [run] [main.cpp] version {lib=jpegli version=031a0077}
[info] [tid] [run] [main.cpp] version {lib=libjxl version=0x00002ee0}
[info] [tid] [run] [main.cpp] version {lib=libheif version=1.23.5}
[info] [tid] [run] [main.cpp] version {lib=exiv2 version=0.28.9}
[info] [tid] [run] [main.cpp] version {lib=lcms2 version=2190}
[info] [tid] [run] [main.cpp] version {lib=webp version=1.6.0}
[info] [tid] [run] [main.cpp] version {lib=tiff version="LIBTIFF, Version 4.7.2"}
[info] [tid] [run] [main.cpp] version {lib=x265 version="x265 HEVC encoder (4.3-vcpkg)"}
[info] [tid] [run] [main.cpp] version {lib=svt-av1 version="SVT-AV1 encoder v4.2.0"}
[info] [tid] [run] [main.cpp] version {lib=aom version="AOMedia Project AV1 Encoder v3.15.1"}
[info] [tid] [scheduler] [scheduler.cpp] start {files=27 workers=1 workers_resolved=1 stagger_ms=<ms> thread_budget=16 budget_bytes=<bytes> outputs=1 formats=bmp template=$dir/$file mode=transcode}
[info] [tid] [sched] [scheduler.cpp] file start {index=0 src=tests/golden/base/anim.gif stagger_offset_ms=<ms> stagger_ms=<ms>}
[info] [tid] [sched] [scheduler.cpp] thread alloc {index=0 alloc_files=16 encode_threads=1 active_files=1 sum_encode_threads=1 thread_budget=16}
[info] [tid] [pipeline] [pipeline.cpp] pixel budget acquired {src=tests/golden/base/anim.gif need_bytes=131072 capacity_bytes=<bytes> used_bytes=131072 peak_bytes=131072}
[info] [tid] [pipeline] [pipeline.cpp] output done {src=tests/golden/base/anim.gif out=".cache/regression/out-full-bmp\\base\\anim.bmp" format=bmp ok=true bytes=12342 encode_ms=<ms> metawrite_ms=<ms> warnings=3}
[warning] [tid] [pipeline] [pipeline.cpp] output warning {src=tests/golden/base/anim.gif out=".cache/regression/out-full-bmp\\base\\anim.bmp" detail="multipage or animated input: only the first page was decoded"}
[warning] [tid] [pipeline] [pipeline.cpp] output warning {src=tests/golden/base/anim.gif out=".cache/regression/out-full-bmp\\base\\anim.bmp" detail="alpha composited onto background 1 for format 'bmp'"}
[warning] [tid] [pipeline] [pipeline.cpp] output warning {src=tests/golden/base/anim.gif out=".cache/regression/out-full-bmp\\base\\anim.bmp" detail="bmp output carries no metadata container"}
[info] [tid] [pipeline] [pipeline.cpp] file done {src=tests/golden/base/anim.gif outputs=1 ok_outputs=1 bytes=0 decode_ms=<ms> orient_ms=<ms> color_ms=<ms> flatten_ms=<ms> encode_ms=<ms> metawrite_ms=<ms> verdict=Done warnings=0}
[info] [tid] [sched] [scheduler.cpp] file start {index=1 src=tests/golden/base/bmp24.bmp stagger_offset_ms=<ms> stagger_ms=<ms>}
[info] [tid] [sched] [scheduler.cpp] thread alloc {index=1 alloc_files=16 encode_threads=1 active_files=1 sum_encode_threads=1 thread_budget=16}
[info] [tid] [pipeline] [pipeline.cpp] pixel budget acquired {src=tests/golden/base/bmp24.bmp need_bytes=98304 capacity_bytes=<bytes> used_bytes=98304 peak_bytes=131072}
[info] [tid] [pipeline] [pipeline.cpp] output done {src=tests/golden/base/bmp24.bmp out=".cache/regression/out-full-bmp\\base\\bmp24.bmp" format=bmp ok=true bytes=12342 encode_ms=<ms> metawrite_ms=<ms> warnings=1}
[warning] [tid] [pipeline] [pipeline.cpp] output warning {src=tests/golden/base/bmp24.bmp out=".cache/regression/out-full-bmp\\base\\bmp24.bmp" detail="bmp output carries no metadata container"}
[info] [tid] [pipeline] [pipeline.cpp] file done {src=tests/golden/base/bmp24.bmp outputs=1 ok_outputs=1 bytes=0 decode_ms=<ms> orient_ms=<ms> color_ms=<ms> flatten_ms=<ms> encode_ms=<ms> metawrite_ms=<ms> verdict=Done warnings=0}
[info] [tid] [sched] [scheduler.cpp] file start {index=2 src=tests/golden/base/gray16.png stagger_offset_ms=<ms> stagger_ms=<ms>}
[info] [tid] [sched] [scheduler.cpp] thread alloc {index=2 alloc_files=16 encode_threads=1 active_files=1 sum_encode_threads=1 thread_budget=16}
[info] [tid] [pipeline] [pipeline.cpp] pixel budget acquired {src=tests/golden/base/gray16.png need_bytes=32768 capacity_bytes=<bytes> used_bytes=32768 peak_bytes=131072}
[info] [tid] [pipeline] [pipeline.cpp] output done {src=tests/golden/base/gray16.png out=".cache/regression/out-full-bmp\\base\\gray16.bmp" format=bmp ok=true bytes=5174 encode_ms=<ms> metawrite_ms=<ms> warnings=1}
[warning] [tid] [pipeline] [pipeline.cpp] output warning {src=tests/golden/base/gray16.png out=".cache/regression/out-full-bmp\\base\\gray16.bmp" detail="bmp output carries no metadata container"}
[info] [tid] [pipeline] [pipeline.cpp] file done {src=tests/golden/base/gray16.png outputs=1 ok_outputs=1 bytes=0 decode_ms=<ms> orient_ms=<ms> color_ms=<ms> flatten_ms=<ms> encode_ms=<ms> metawrite_ms=<ms> verdict=Done warnings=0}
[info] [tid] [sched] [scheduler.cpp] file start {index=3 src=tests/golden/base/gray16.tif stagger_offset_ms=<ms> stagger_ms=<ms>}
[info] [tid] [sched] [scheduler.cpp] thread alloc {index=3 alloc_files=16 encode_threads=1 active_files=1 sum_encode_threads=1 thread_budget=16}
[info] [tid] [pipeline] [pipeline.cpp] pixel budget acquired {src=tests/golden/base/gray16.tif need_bytes=32768 capacity_bytes=<bytes> used_bytes=32768 peak_bytes=131072}
[info] [tid] [pipeline] [pipeline.cpp] output done {src=tests/golden/base/gray16.tif out=".cache/regression/out-full-bmp\\base\\gray16.bmp" format=bmp ok=true bytes=5174 encode_ms=<ms> metawrite_ms=<ms> warnings=1}
[warning] [tid] [pipeline] [pipeline.cpp] output warning {src=tests/golden/base/gray16.tif out=".cache/regression/out-full-bmp\\base\\gray16.bmp" detail="bmp output carries no metadata container"}
[info] [tid] [pipeline] [pipeline.cpp] file done {src=tests/golden/base/gray16.tif outputs=1 ok_outputs=1 bytes=0 decode_ms=<ms> orient_ms=<ms> color_ms=<ms> flatten_ms=<ms> encode_ms=<ms> metawrite_ms=<ms> verdict=Done warnings=0}
[info] [tid] [sched] [scheduler.cpp] file start {index=4 src=tests/golden/base/gray8.png stagger_offset_ms=<ms> stagger_ms=<ms>}
[info] [tid] [sched] [scheduler.cpp] thread alloc {index=4 alloc_files=16 encode_threads=1 active_files=1 sum_encode_threads=1 thread_budget=16}
[info] [tid] [pipeline] [pipeline.cpp] pixel budget acquired {src=tests/golden/base/gray8.png need_bytes=32768 capacity_bytes=<bytes> used_bytes=32768 peak_bytes=131072}
[info] [tid] [pipeline] [pipeline.cpp] output done {src=tests/golden/base/gray8.png out=".cache/regression/out-full-bmp\\base\\gray8.bmp" format=bmp ok=true bytes=5174 encode_ms=<ms> metawrite_ms=<ms> warnings=1}
[warning] [tid] [pipeline] [pipeline.cpp] output warning {src=tests/golden/base/gray8.png out=".cache/regression/out-full-bmp\\base\\gray8.bmp" detail="bmp output carries no metadata container"}
[info] [tid] [pipeline] [pipeline.cpp] file done {src=tests/golden/base/gray8.png outputs=1 ok_outputs=1 bytes=0 decode_ms=<ms> orient_ms=<ms> color_ms=<ms> flatten_ms=<ms> encode_ms=<ms> metawrite_ms=<ms> verdict=Done warnings=0}
[info] [tid] [sched] [scheduler.cpp] file start {index=5 src=tests/golden/base/graya8.png stagger_offset_ms=<ms> stagger_ms=<ms>}
[info] [tid] [sched] [scheduler.cpp] thread alloc {index=5 alloc_files=16 encode_threads=1 active_files=1 sum_encode_threads=1 thread_budget=16}
[info] [tid] [pipeline] [pipeline.cpp] pixel budget acquired {src=tests/golden/base/graya8.png need_bytes=65536 capacity_bytes=<bytes> used_bytes=65536 peak_bytes=131072}
[info] [tid] [pipeline] [pipeline.cpp] output done {src=tests/golden/base/graya8.png out=".cache/regression/out-full-bmp\\base\\graya8.bmp" format=bmp ok=true bytes=5174 encode_ms=<ms> metawrite_ms=<ms> warnings=2}
[warning] [tid] [pipeline] [pipeline.cpp] output warning {src=tests/golden/base/graya8.png out=".cache/regression/out-full-bmp\\base\\graya8.bmp" detail="alpha composited onto background 1 for format 'bmp'"}
[warning] [tid] [pipeline] [pipeline.cpp] output warning {src=tests/golden/base/graya8.png out=".cache/regression/out-full-bmp\\base\\graya8.bmp" detail="bmp output carries no metadata container"}
[info] [tid] [pipeline] [pipeline.cpp] file done {src=tests/golden/base/graya8.png outputs=1 ok_outputs=1 bytes=0 decode_ms=<ms> orient_ms=<ms> color_ms=<ms> flatten_ms=<ms> encode_ms=<ms> metawrite_ms=<ms> verdict=Done warnings=0}
[info] [tid] [sched] [scheduler.cpp] file start {index=6 src=tests/golden/base/jxl8.jxl stagger_offset_ms=<ms> stagger_ms=<ms>}
[info] [tid] [sched] [scheduler.cpp] thread alloc {index=6 alloc_files=16 encode_threads=1 active_files=1 sum_encode_threads=1 thread_budget=16}
[info] [tid] [pipeline] [pipeline.cpp] CICP (1,13) → sRGB {src=tests/golden/base/jxl8.jxl}
[info] [tid] [pipeline] [pipeline.cpp] pixel budget acquired {src=tests/golden/base/jxl8.jxl need_bytes=98304 capacity_bytes=<bytes> used_bytes=98304 peak_bytes=131072}
[info] [tid] [pipeline] [pipeline.cpp] output done {src=tests/golden/base/jxl8.jxl out=".cache/regression/out-full-bmp\\base\\jxl8.bmp" format=bmp ok=true bytes=12342 encode_ms=<ms> metawrite_ms=<ms> warnings=1}
[warning] [tid] [pipeline] [pipeline.cpp] output warning {src=tests/golden/base/jxl8.jxl out=".cache/regression/out-full-bmp\\base\\jxl8.bmp" detail="bmp output carries no metadata container"}
[info] [tid] [pipeline] [pipeline.cpp] file done {src=tests/golden/base/jxl8.jxl outputs=1 ok_outputs=1 bytes=0 decode_ms=<ms> orient_ms=<ms> color_ms=<ms> flatten_ms=<ms> encode_ms=<ms> metawrite_ms=<ms> verdict=Done warnings=0}
[info] [tid] [sched] [scheduler.cpp] file start {index=7 src=tests/golden/base/multi.tif stagger_offset_ms=<ms> stagger_ms=<ms>}
[info] [tid] [sched] [scheduler.cpp] thread alloc {index=7 alloc_files=16 encode_threads=1 active_files=1 sum_encode_threads=1 thread_budget=16}
[info] [tid] [pipeline] [pipeline.cpp] pixel budget acquired {src=tests/golden/base/multi.tif need_bytes=98304 capacity_bytes=<bytes> used_bytes=98304 peak_bytes=131072}
[info] [tid] [pipeline] [pipeline.cpp] output done {src=tests/golden/base/multi.tif out=".cache/regression/out-full-bmp\\base\\multi.bmp" format=bmp ok=true bytes=12342 encode_ms=<ms> metawrite_ms=<ms> warnings=2}
[warning] [tid] [pipeline] [pipeline.cpp] output warning {src=tests/golden/base/multi.tif out=".cache/regression/out-full-bmp\\base\\multi.bmp" detail="multipage or animated input: only the first page was decoded"}
[warning] [tid] [pipeline] [pipeline.cpp] output warning {src=tests/golden/base/multi.tif out=".cache/regression/out-full-bmp\\base\\multi.bmp" detail="bmp output carries no metadata container"}
[info] [tid] [pipeline] [pipeline.cpp] file done {src=tests/golden/base/multi.tif outputs=1 ok_outputs=1 bytes=0 decode_ms=<ms> orient_ms=<ms> color_ms=<ms> flatten_ms=<ms> encode_ms=<ms> metawrite_ms=<ms> verdict=Done warnings=0}
[info] [tid] [sched] [scheduler.cpp] file start {index=8 src=tests/golden/base/photo.jpg stagger_offset_ms=<ms> stagger_ms=<ms>}
[info] [tid] [sched] [scheduler.cpp] thread alloc {index=8 alloc_files=16 encode_threads=1 active_files=1 sum_encode_threads=1 thread_budget=16}
[info] [tid] [pipeline] [pipeline.cpp] pixel budget acquired {src=tests/golden/base/photo.jpg need_bytes=98304 capacity_bytes=<bytes> used_bytes=98304 peak_bytes=131072}
[info] [tid] [pipeline] [pipeline.cpp] output done {src=tests/golden/base/photo.jpg out=".cache/regression/out-full-bmp\\base\\photo.bmp" format=bmp ok=true bytes=12342 encode_ms=<ms> metawrite_ms=<ms> warnings=1}
[warning] [tid] [pipeline] [pipeline.cpp] output warning {src=tests/golden/base/photo.jpg out=".cache/regression/out-full-bmp\\base\\photo.bmp" detail="bmp output carries no metadata container"}
[info] [tid] [pipeline] [pipeline.cpp] file done {src=tests/golden/base/photo.jpg outputs=1 ok_outputs=1 bytes=0 decode_ms=<ms> orient_ms=<ms> color_ms=<ms> flatten_ms=<ms> encode_ms=<ms> metawrite_ms=<ms> verdict=Done warnings=0}
[info] [tid] [sched] [scheduler.cpp] file start {index=9 src=tests/golden/base/rgb16.png stagger_offset_ms=<ms> stagger_ms=<ms>}
[info] [tid] [sched] [scheduler.cpp] thread alloc {index=9 alloc_files=16 encode_threads=1 active_files=1 sum_encode_threads=1 thread_budget=16}
[info] [tid] [pipeline] [pipeline.cpp] pixel budget acquired {src=tests/golden/base/rgb16.png need_bytes=98304 capacity_bytes=<bytes> used_bytes=98304 peak_bytes=131072}
[info] [tid] [pipeline] [pipeline.cpp] output done {src=tests/golden/base/rgb16.png out=".cache/regression/out-full-bmp\\base\\rgb16.bmp" format=bmp ok=true bytes=12342 encode_ms=<ms> metawrite_ms=<ms> warnings=1}
[warning] [tid] [pipeline] [pipeline.cpp] output warning {src=tests/golden/base/rgb16.png out=".cache/regression/out-full-bmp\\base\\rgb16.bmp" detail="bmp output carries no metadata container"}
[info] [tid] [pipeline] [pipeline.cpp] file done {src=tests/golden/base/rgb16.png outputs=1 ok_outputs=1 bytes=0 decode_ms=<ms> orient_ms=<ms> color_ms=<ms> flatten_ms=<ms> encode_ms=<ms> metawrite_ms=<ms> verdict=Done warnings=0}
[info] [tid] [sched] [scheduler.cpp] file start {index=10 src=tests/golden/base/rgb16.tif stagger_offset_ms=<ms> stagger_ms=<ms>}
[info] [tid] [sched] [scheduler.cpp] thread alloc {index=10 alloc_files=16 encode_threads=1 active_files=1 sum_encode_threads=1 thread_budget=16}
[info] [tid] [pipeline] [pipeline.cpp] pixel budget acquired {src=tests/golden/base/rgb16.tif need_bytes=98304 capacity_bytes=<bytes> used_bytes=98304 peak_bytes=131072}
[info] [tid] [pipeline] [pipeline.cpp] output done {src=tests/golden/base/rgb16.tif out=".cache/regression/out-full-bmp\\base\\rgb16.bmp" format=bmp ok=true bytes=12342 encode_ms=<ms> metawrite_ms=<ms> warnings=1}
[warning] [tid] [pipeline] [pipeline.cpp] output warning {src=tests/golden/base/rgb16.tif out=".cache/regression/out-full-bmp\\base\\rgb16.bmp" detail="bmp output carries no metadata container"}
[info] [tid] [pipeline] [pipeline.cpp] file done {src=tests/golden/base/rgb16.tif outputs=1 ok_outputs=1 bytes=0 decode_ms=<ms> orient_ms=<ms> color_ms=<ms> flatten_ms=<ms> encode_ms=<ms> metawrite_ms=<ms> verdict=Done warnings=0}
[info] [tid] [sched] [scheduler.cpp] file start {index=11 src=tests/golden/base/rgb8.png stagger_offset_ms=<ms> stagger_ms=<ms>}
[info] [tid] [sched] [scheduler.cpp] thread alloc {index=11 alloc_files=16 encode_threads=1 active_files=1 sum_encode_threads=1 thread_budget=16}
[info] [tid] [pipeline] [pipeline.cpp] pixel budget acquired {src=tests/golden/base/rgb8.png need_bytes=98304 capacity_bytes=<bytes> used_bytes=98304 peak_bytes=131072}
[info] [tid] [pipeline] [pipeline.cpp] output done {src=tests/golden/base/rgb8.png out=".cache/regression/out-full-bmp\\base\\rgb8.bmp" format=bmp ok=true bytes=12342 encode_ms=<ms> metawrite_ms=<ms> warnings=1}
[warning] [tid] [pipeline] [pipeline.cpp] output warning {src=tests/golden/base/rgb8.png out=".cache/regression/out-full-bmp\\base\\rgb8.bmp" detail="bmp output carries no metadata container"}
[info] [tid] [pipeline] [pipeline.cpp] file done {src=tests/golden/base/rgb8.png outputs=1 ok_outputs=1 bytes=0 decode_ms=<ms> orient_ms=<ms> color_ms=<ms> flatten_ms=<ms> encode_ms=<ms> metawrite_ms=<ms> verdict=Done warnings=0}
[info] [tid] [sched] [scheduler.cpp] file start {index=12 src=tests/golden/base/rgb8.tif stagger_offset_ms=<ms> stagger_ms=<ms>}
[info] [tid] [sched] [scheduler.cpp] thread alloc {index=12 alloc_files=15 encode_threads=1 active_files=1 sum_encode_threads=1 thread_budget=16}
[info] [tid] [pipeline] [pipeline.cpp] pixel budget acquired {src=tests/golden/base/rgb8.tif need_bytes=98304 capacity_bytes=<bytes> used_bytes=98304 peak_bytes=131072}
[info] [tid] [pipeline] [pipeline.cpp] output done {src=tests/golden/base/rgb8.tif out=".cache/regression/out-full-bmp\\base\\rgb8.bmp" format=bmp ok=true bytes=12342 encode_ms=<ms> metawrite_ms=<ms> warnings=1}
[warning] [tid] [pipeline] [pipeline.cpp] output warning {src=tests/golden/base/rgb8.tif out=".cache/regression/out-full-bmp\\base\\rgb8.bmp" detail="bmp output carries no metadata container"}
[info] [tid] [pipeline] [pipeline.cpp] file done {src=tests/golden/base/rgb8.tif outputs=1 ok_outputs=1 bytes=0 decode_ms=<ms> orient_ms=<ms> color_ms=<ms> flatten_ms=<ms> encode_ms=<ms> metawrite_ms=<ms> verdict=Done warnings=0}
[info] [tid] [sched] [scheduler.cpp] file start {index=13 src=tests/golden/base/rgba16.png stagger_offset_ms=<ms> stagger_ms=<ms>}
[info] [tid] [sched] [scheduler.cpp] thread alloc {index=13 alloc_files=14 encode_threads=1 active_files=1 sum_encode_threads=1 thread_budget=16}
[info] [tid] [pipeline] [pipeline.cpp] pixel budget acquired {src=tests/golden/base/rgba16.png need_bytes=131072 capacity_bytes=<bytes> used_bytes=131072 peak_bytes=131072}
[info] [tid] [pipeline] [pipeline.cpp] output done {src=tests/golden/base/rgba16.png out=".cache/regression/out-full-bmp\\base\\rgba16.bmp" format=bmp ok=true bytes=12342 encode_ms=<ms> metawrite_ms=<ms> warnings=2}
[warning] [tid] [pipeline] [pipeline.cpp] output warning {src=tests/golden/base/rgba16.png out=".cache/regression/out-full-bmp\\base\\rgba16.bmp" detail="alpha composited onto background 1 for format 'bmp'"}
[warning] [tid] [pipeline] [pipeline.cpp] output warning {src=tests/golden/base/rgba16.png out=".cache/regression/out-full-bmp\\base\\rgba16.bmp" detail="bmp output carries no metadata container"}
[info] [tid] [pipeline] [pipeline.cpp] file done {src=tests/golden/base/rgba16.png outputs=1 ok_outputs=1 bytes=0 decode_ms=<ms> orient_ms=<ms> color_ms=<ms> flatten_ms=<ms> encode_ms=<ms> metawrite_ms=<ms> verdict=Done warnings=0}
[info] [tid] [sched] [scheduler.cpp] file start {index=14 src=tests/golden/base/rgba8.png stagger_offset_ms=<ms> stagger_ms=<ms>}
[info] [tid] [sched] [scheduler.cpp] thread alloc {index=14 alloc_files=13 encode_threads=1 active_files=1 sum_encode_threads=1 thread_budget=16}
[info] [tid] [pipeline] [pipeline.cpp] pixel budget acquired {src=tests/golden/base/rgba8.png need_bytes=131072 capacity_bytes=<bytes> used_bytes=131072 peak_bytes=131072}
[info] [tid] [pipeline] [pipeline.cpp] output done {src=tests/golden/base/rgba8.png out=".cache/regression/out-full-bmp\\base\\rgba8.bmp" format=bmp ok=true bytes=12342 encode_ms=<ms> metawrite_ms=<ms> warnings=2}
[warning] [tid] [pipeline] [pipeline.cpp] output warning {src=tests/golden/base/rgba8.png out=".cache/regression/out-full-bmp\\base\\rgba8.bmp" detail="alpha composited onto background 1 for format 'bmp'"}
[warning] [tid] [pipeline] [pipeline.cpp] output warning {src=tests/golden/base/rgba8.png out=".cache/regression/out-full-bmp\\base\\rgba8.bmp" detail="bmp output carries no metadata container"}
[info] [tid] [pipeline] [pipeline.cpp] file done {src=tests/golden/base/rgba8.png outputs=1 ok_outputs=1 bytes=0 decode_ms=<ms> orient_ms=<ms> color_ms=<ms> flatten_ms=<ms> encode_ms=<ms> metawrite_ms=<ms> verdict=Done warnings=0}
[info] [tid] [sched] [scheduler.cpp] file start {index=15 src=tests/golden/base/targa.tga stagger_offset_ms=<ms> stagger_ms=<ms>}
[info] [tid] [sched] [scheduler.cpp] thread alloc {index=15 alloc_files=12 encode_threads=1 active_files=1 sum_encode_threads=1 thread_budget=16}
[info] [tid] [pipeline] [pipeline.cpp] pixel budget acquired {src=tests/golden/base/targa.tga need_bytes=98304 capacity_bytes=<bytes> used_bytes=98304 peak_bytes=131072}
[info] [tid] [pipeline] [pipeline.cpp] output done {src=tests/golden/base/targa.tga out=".cache/regression/out-full-bmp\\base\\targa.bmp" format=bmp ok=true bytes=12342 encode_ms=<ms> metawrite_ms=<ms> warnings=1}
[warning] [tid] [pipeline] [pipeline.cpp] output warning {src=tests/golden/base/targa.tga out=".cache/regression/out-full-bmp\\base\\targa.bmp" detail="bmp output carries no metadata container"}
[info] [tid] [pipeline] [pipeline.cpp] file done {src=tests/golden/base/targa.tga outputs=1 ok_outputs=1 bytes=0 decode_ms=<ms> orient_ms=<ms> color_ms=<ms> flatten_ms=<ms> encode_ms=<ms> metawrite_ms=<ms> verdict=Done warnings=0}
[info] [tid] [sched] [scheduler.cpp] file start {index=16 src=tests/golden/edge/cmyk.tif stagger_offset_ms=<ms> stagger_ms=<ms>}
[info] [tid] [sched] [scheduler.cpp] file start {index=17 src=tests/golden/edge/corrupt_trunc.jpg stagger_offset_ms=<ms> stagger_ms=<ms>}
[info] [tid] [sched] [scheduler.cpp] file start {index=18 src=tests/golden/edge/corrupt_zero.png stagger_offset_ms=<ms> stagger_ms=<ms>}
[info] [tid] [sched] [scheduler.cpp] file start {index=19 src=tests/golden/edge/测试📸unicode.png stagger_offset_ms=<ms> stagger_ms=<ms>}
[info] [tid] [sched] [scheduler.cpp] thread alloc {index=19 alloc_files=8 encode_threads=2 active_files=1 sum_encode_threads=2 thread_budget=16}
[info] [tid] [pipeline] [pipeline.cpp] pixel budget acquired {src=tests/golden/edge/测试📸unicode.png need_bytes=98304 capacity_bytes=<bytes> used_bytes=98304 peak_bytes=131072}
[info] [tid] [encode] [enc_oiio.cpp] encoder has no internal threading; encode_threads ignored {encoder=oiio encode_threads=2}
[info] [tid] [pipeline] [pipeline.cpp] output done {src=tests/golden/edge/测试📸unicode.png out=".cache/regression/out-full-bmp\\edge\\测试📸unicode.bmp" format=bmp ok=true bytes=12342 encode_ms=<ms> metawrite_ms=<ms> warnings=1}
[warning] [tid] [pipeline] [pipeline.cpp] output warning {src=tests/golden/edge/测试📸unicode.png out=".cache/regression/out-full-bmp\\edge\\测试📸unicode.bmp" detail="bmp output carries no metadata container"}
[info] [tid] [pipeline] [pipeline.cpp] file done {src=tests/golden/edge/测试📸unicode.png outputs=1 ok_outputs=1 bytes=0 decode_ms=<ms> orient_ms=<ms> color_ms=<ms> flatten_ms=<ms> encode_ms=<ms> metawrite_ms=<ms> verdict=Done warnings=0}
[info] [tid] [sched] [scheduler.cpp] file start {index=20 src=tests/golden/meta/avif_exif.avif stagger_offset_ms=<ms> stagger_ms=<ms>}
[info] [tid] [sched] [scheduler.cpp] thread alloc {index=20 alloc_files=7 encode_threads=2 active_files=1 sum_encode_threads=2 thread_budget=16}
[info] [tid] [pipeline] [pipeline.cpp] pixel budget acquired {src=tests/golden/meta/avif_exif.avif need_bytes=98304 capacity_bytes=<bytes> used_bytes=98304 peak_bytes=131072}
[info] [tid] [encode] [enc_oiio.cpp] encoder has no internal threading; encode_threads ignored {encoder=oiio encode_threads=2}
[info] [tid] [pipeline] [pipeline.cpp] output done {src=tests/golden/meta/avif_exif.avif out=".cache/regression/out-full-bmp\\meta\\avif_exif.bmp" format=bmp ok=true bytes=12342 encode_ms=<ms> metawrite_ms=<ms> warnings=1}
[warning] [tid] [pipeline] [pipeline.cpp] output warning {src=tests/golden/meta/avif_exif.avif out=".cache/regression/out-full-bmp\\meta\\avif_exif.bmp" detail="bmp output carries no metadata container"}
[info] [tid] [pipeline] [pipeline.cpp] file done {src=tests/golden/meta/avif_exif.avif outputs=1 ok_outputs=1 bytes=0 decode_ms=<ms> orient_ms=<ms> color_ms=<ms> flatten_ms=<ms> encode_ms=<ms> metawrite_ms=<ms> verdict=Done warnings=0}
[info] [tid] [sched] [scheduler.cpp] file start {index=21 src=tests/golden/meta/cmyk.tif stagger_offset_ms=<ms> stagger_ms=<ms>}
[info] [tid] [sched] [scheduler.cpp] file start {index=22 src=tests/golden/meta/exif_full.jpg stagger_offset_ms=<ms> stagger_ms=<ms>}
[info] [tid] [sched] [scheduler.cpp] thread alloc {index=22 alloc_files=5 encode_threads=3 active_files=1 sum_encode_threads=3 thread_budget=16}
[info] [tid] [pipeline] [pipeline.cpp] pixel budget acquired {src=tests/golden/meta/exif_full.jpg need_bytes=98304 capacity_bytes=<bytes> used_bytes=98304 peak_bytes=131072}
[info] [tid] [encode] [enc_oiio.cpp] encoder has no internal threading; encode_threads ignored {encoder=oiio encode_threads=3}
[info] [tid] [pipeline] [pipeline.cpp] output done {src=tests/golden/meta/exif_full.jpg out=".cache/regression/out-full-bmp\\meta\\exif_full.bmp" format=bmp ok=true bytes=12342 encode_ms=<ms> metawrite_ms=<ms> warnings=1}
[warning] [tid] [pipeline] [pipeline.cpp] output warning {src=tests/golden/meta/exif_full.jpg out=".cache/regression/out-full-bmp\\meta\\exif_full.bmp" detail="bmp output carries no metadata container"}
[info] [tid] [pipeline] [pipeline.cpp] file done {src=tests/golden/meta/exif_full.jpg outputs=1 ok_outputs=1 bytes=0 decode_ms=<ms> orient_ms=<ms> color_ms=<ms> flatten_ms=<ms> encode_ms=<ms> metawrite_ms=<ms> verdict=Done warnings=0}
[info] [tid] [sched] [scheduler.cpp] file start {index=23 src=tests/golden/meta/heif_exif.heic stagger_offset_ms=<ms> stagger_ms=<ms>}
[info] [tid] [sched] [scheduler.cpp] thread alloc {index=23 alloc_files=4 encode_threads=4 active_files=1 sum_encode_threads=4 thread_budget=16}
[info] [tid] [pipeline] [pipeline.cpp] pixel budget acquired {src=tests/golden/meta/heif_exif.heic need_bytes=98304 capacity_bytes=<bytes> used_bytes=98304 peak_bytes=131072}
[info] [tid] [encode] [enc_oiio.cpp] encoder has no internal threading; encode_threads ignored {encoder=oiio encode_threads=4}
[info] [tid] [pipeline] [pipeline.cpp] output done {src=tests/golden/meta/heif_exif.heic out=".cache/regression/out-full-bmp\\meta\\heif_exif.bmp" format=bmp ok=true bytes=12342 encode_ms=<ms> metawrite_ms=<ms> warnings=1}
[warning] [tid] [pipeline] [pipeline.cpp] output warning {src=tests/golden/meta/heif_exif.heic out=".cache/regression/out-full-bmp\\meta\\heif_exif.bmp" detail="bmp output carries no metadata container"}
[info] [tid] [pipeline] [pipeline.cpp] file done {src=tests/golden/meta/heif_exif.heic outputs=1 ok_outputs=1 bytes=0 decode_ms=<ms> orient_ms=<ms> color_ms=<ms> flatten_ms=<ms> encode_ms=<ms> metawrite_ms=<ms> verdict=Done warnings=0}
[info] [tid] [sched] [scheduler.cpp] file start {index=24 src=tests/golden/meta/jxl_exif.jxl stagger_offset_ms=<ms> stagger_ms=<ms>}
[info] [tid] [sched] [scheduler.cpp] thread alloc {index=24 alloc_files=3 encode_threads=5 active_files=1 sum_encode_threads=5 thread_budget=16}
[info] [tid] [pipeline] [pipeline.cpp] CICP (1,13) → sRGB {src=tests/golden/meta/jxl_exif.jxl}
[info] [tid] [pipeline] [pipeline.cpp] pixel budget acquired {src=tests/golden/meta/jxl_exif.jxl need_bytes=98304 capacity_bytes=<bytes> used_bytes=98304 peak_bytes=131072}
[info] [tid] [encode] [enc_oiio.cpp] encoder has no internal threading; encode_threads ignored {encoder=oiio encode_threads=5}
[info] [tid] [pipeline] [pipeline.cpp] output done {src=tests/golden/meta/jxl_exif.jxl out=".cache/regression/out-full-bmp\\meta\\jxl_exif.bmp" format=bmp ok=true bytes=12342 encode_ms=<ms> metawrite_ms=<ms> warnings=1}
[warning] [tid] [pipeline] [pipeline.cpp] output warning {src=tests/golden/meta/jxl_exif.jxl out=".cache/regression/out-full-bmp\\meta\\jxl_exif.bmp" detail="bmp output carries no metadata container"}
[info] [tid] [pipeline] [pipeline.cpp] file done {src=tests/golden/meta/jxl_exif.jxl outputs=1 ok_outputs=1 bytes=0 decode_ms=<ms> orient_ms=<ms> color_ms=<ms> flatten_ms=<ms> encode_ms=<ms> metawrite_ms=<ms> verdict=Done warnings=0}
[info] [tid] [sched] [scheduler.cpp] file start {index=25 src=tests/golden/meta/webp_lossless.webp stagger_offset_ms=<ms> stagger_ms=<ms>}
[info] [tid] [sched] [scheduler.cpp] thread alloc {index=25 alloc_files=2 encode_threads=8 active_files=1 sum_encode_threads=8 thread_budget=16}
[info] [tid] [pipeline] [pipeline.cpp] pixel budget acquired {src=tests/golden/meta/webp_lossless.webp need_bytes=98304 capacity_bytes=<bytes> used_bytes=98304 peak_bytes=131072}
[info] [tid] [encode] [enc_oiio.cpp] encoder has no internal threading; encode_threads ignored {encoder=oiio encode_threads=8}
[info] [tid] [pipeline] [pipeline.cpp] output done {src=tests/golden/meta/webp_lossless.webp out=".cache/regression/out-full-bmp\\meta\\webp_lossless.bmp" format=bmp ok=true bytes=12342 encode_ms=<ms> metawrite_ms=<ms> warnings=1}
[warning] [tid] [pipeline] [pipeline.cpp] output warning {src=tests/golden/meta/webp_lossless.webp out=".cache/regression/out-full-bmp\\meta\\webp_lossless.bmp" detail="bmp output carries no metadata container"}
[info] [tid] [pipeline] [pipeline.cpp] file done {src=tests/golden/meta/webp_lossless.webp outputs=1 ok_outputs=1 bytes=0 decode_ms=<ms> orient_ms=<ms> color_ms=<ms> flatten_ms=<ms> encode_ms=<ms> metawrite_ms=<ms> verdict=Done warnings=0}
[info] [tid] [sched] [scheduler.cpp] file start {index=26 src=tests/golden/meta/webp_lossy.webp stagger_offset_ms=<ms> stagger_ms=<ms>}
[info] [tid] [sched] [scheduler.cpp] thread alloc {index=26 alloc_files=1 encode_threads=16 active_files=1 sum_encode_threads=16 thread_budget=16}
[info] [tid] [pipeline] [pipeline.cpp] pixel budget acquired {src=tests/golden/meta/webp_lossy.webp need_bytes=98304 capacity_bytes=<bytes> used_bytes=98304 peak_bytes=131072}
[info] [tid] [encode] [enc_oiio.cpp] encoder has no internal threading; encode_threads ignored {encoder=oiio encode_threads=16}
[info] [tid] [pipeline] [pipeline.cpp] output done {src=tests/golden/meta/webp_lossy.webp out=".cache/regression/out-full-bmp\\meta\\webp_lossy.bmp" format=bmp ok=true bytes=12342 encode_ms=<ms> metawrite_ms=<ms> warnings=1}
[warning] [tid] [pipeline] [pipeline.cpp] output warning {src=tests/golden/meta/webp_lossy.webp out=".cache/regression/out-full-bmp\\meta\\webp_lossy.bmp" detail="bmp output carries no metadata container"}
[info] [tid] [pipeline] [pipeline.cpp] file done {src=tests/golden/meta/webp_lossy.webp outputs=1 ok_outputs=1 bytes=0 decode_ms=<ms> orient_ms=<ms> color_ms=<ms> flatten_ms=<ms> encode_ms=<ms> metawrite_ms=<ms> verdict=Done warnings=0}
[info] [tid] [scheduler] [scheduler.cpp] e3 report {thread_budget=16 stagger_ms=<ms> peak_active_files=1 peak_sum_encode_threads=16 active_files_end=0 files_done=27}
[info] [tid] [run] [main.cpp] run summary {files=27 ok=23 failed=4 skipped=0 cancelled=0 bytes=255194 total_ms=<ms> throughput_mb_s=<val> avg_file_ms=<ms>}
photopipeline --dev
  format=bmp backend=(first) tech=(first) lossless=false bitdepth=24 color=keep conflict=overwrite
  out=.cache/regression/out-full-bmp workers=1 files=27 metadata_only=false params=[]

file                                           state          bytes        ms  warnings
tests/golden/base/anim.gif ok 12342 <ms> MultipageTruncated,AlphaFlattened,MetadataDropped
tests/golden/base/bmp24.bmp ok 12342 <ms> MetadataDropped
tests/golden/base/gray16.png ok 5174 <ms> MetadataDropped
tests/golden/base/gray16.tif ok 5174 <ms> MetadataDropped
tests/golden/base/gray8.png ok 5174 <ms> MetadataDropped
tests/golden/base/graya8.png ok 5174 <ms> AlphaFlattened,MetadataDropped
tests/golden/base/jxl8.jxl ok 12342 <ms> MetadataDropped
tests/golden/base/multi.tif ok 12342 <ms> MultipageTruncated,MetadataDropped
tests/golden/base/photo.jpg ok 12342 <ms> MetadataDropped
tests/golden/base/rgb16.png ok 12342 <ms> MetadataDropped
tests/golden/base/rgb16.tif ok 12342 <ms> MetadataDropped
tests/golden/base/rgb8.png ok 12342 <ms> MetadataDropped
tests/golden/base/rgb8.tif ok 12342 <ms> MetadataDropped
tests/golden/base/rgba16.png ok 12342 <ms> AlphaFlattened,MetadataDropped
tests/golden/base/rgba8.png ok 12342 <ms> AlphaFlattened,MetadataDropped
tests/golden/base/targa.tga ok 12342 <ms> MetadataDropped
tests/golden/edge/cmyk.tif failed 0 <ms>
    error: probe failed: CMYK input is not supported
tests/golden/edge/corrupt_trunc.jpg failed 0 <ms>
    error: probe failed: JPEG error: <repo>\vcpkg\buildtrees\libjpeg-turbo\src\56c1f52a20-f26ed ("tests/golden/edge/corrupt_trunc.jpg")
tests/golden/edge/corrupt_zero.png failed 0 <ms>
    error: probe failed: Not a PNG file
tests/golden/edge/测试📸unicode.png ok 12342 <ms> MetadataDropped
tests/golden/meta/avif_exif.avif ok 12342 <ms> MetadataDropped
tests/golden/meta/cmyk.tif failed 0 <ms>
    error: probe failed: CMYK input is not supported
tests/golden/meta/exif_full.jpg ok 12342 <ms> MetadataDropped
tests/golden/meta/heif_exif.heic ok 12342 <ms> MetadataDropped
tests/golden/meta/jxl_exif.jxl ok 12342 <ms> MetadataDropped
tests/golden/meta/webp_lossless.webp ok 12342 <ms> MetadataDropped
tests/golden/meta/webp_lossy.webp ok 12342 <ms> MetadataDropped

SUMMARY files=27 ok=23 failed=4 skipped=0 cancelled=0 bytes=255194 total_ms=<ms> throughput_mb_s=<val> avg_file_ms=<ms>
EXIT 4 (failed files)
### run full-heif rc=4 args=--format heif
[info] [tid] [encode] [enc_heif.cpp] bit depth probe {format=heif backend="" supported=8,10,12 unsupported=""}
[info] [tid] [run] [main.cpp] run start {outputs=heif output_count=1 template=$dir/$file lossless=false color=keep conflict=overwrite workers=1 files=27 metadata_only=false out=.cache/regression/out-full-heif params=""}
[info] [tid] [run] [main.cpp] version {lib=app version=0.2.0}
[info] [tid] [run] [main.cpp] version {lib=qt version=6.11.2}
[info] [tid] [run] [main.cpp] version {lib=oiio version=3.1.17.0}
[info] [tid] [run] [main.cpp] version {lib=jpegli version=031a0077}
[info] [tid] [run] [main.cpp] version {lib=libjxl version=0x00002ee0}
[info] [tid] [run] [main.cpp] version {lib=libheif version=1.23.5}
[info] [tid] [run] [main.cpp] version {lib=exiv2 version=0.28.9}
[info] [tid] [run] [main.cpp] version {lib=lcms2 version=2190}
[info] [tid] [run] [main.cpp] version {lib=webp version=1.6.0}
[info] [tid] [run] [main.cpp] version {lib=tiff version="LIBTIFF, Version 4.7.2"}
[info] [tid] [run] [main.cpp] version {lib=x265 version="x265 HEVC encoder (4.3-vcpkg)"}
[info] [tid] [run] [main.cpp] version {lib=svt-av1 version="SVT-AV1 encoder v4.2.0"}
[info] [tid] [run] [main.cpp] version {lib=aom version="AOMedia Project AV1 Encoder v3.15.1"}
[info] [tid] [scheduler] [scheduler.cpp] start {files=27 workers=1 workers_resolved=1 stagger_ms=<ms> thread_budget=16 budget_bytes=<bytes> outputs=1 formats=heif template=$dir/$file mode=transcode}
[info] [tid] [sched] [scheduler.cpp] file start {index=0 src=tests/golden/base/anim.gif stagger_offset_ms=<ms> stagger_ms=<ms>}
[info] [tid] [sched] [scheduler.cpp] thread alloc {index=0 alloc_files=16 encode_threads=1 active_files=1 sum_encode_threads=1 thread_budget=16}
[info] [tid] [pipeline] [pipeline.cpp] pixel budget acquired {src=tests/golden/base/anim.gif need_bytes=131072 capacity_bytes=<bytes> used_bytes=131072 peak_bytes=131072}
[info] [tid] [encode] [enc_heif.cpp] backend exposes no 'threads' parameter; default pool kept {format=heif backend=x265 encode_threads=1}
[info] [tid] [pipeline] [pipeline.cpp] output done {src=tests/golden/base/anim.gif out=".cache/regression/out-full-heif\\base\\anim.heic" format=heif ok=true bytes=796 encode_ms=<ms> metawrite_ms=<ms> warnings=1}
[warning] [tid] [pipeline] [pipeline.cpp] output warning {src=tests/golden/base/anim.gif out=".cache/regression/out-full-heif\\base\\anim.heic" detail="multipage or animated input: only the first page was decoded"}
[info] [tid] [pipeline] [pipeline.cpp] file done {src=tests/golden/base/anim.gif outputs=1 ok_outputs=1 bytes=0 decode_ms=<ms> orient_ms=<ms> color_ms=<ms> flatten_ms=<ms> encode_ms=<ms> metawrite_ms=<ms> verdict=Done warnings=0}
[info] [tid] [sched] [scheduler.cpp] file start {index=1 src=tests/golden/base/bmp24.bmp stagger_offset_ms=<ms> stagger_ms=<ms>}
[info] [tid] [sched] [scheduler.cpp] thread alloc {index=1 alloc_files=16 encode_threads=1 active_files=1 sum_encode_threads=1 thread_budget=16}
[info] [tid] [pipeline] [pipeline.cpp] pixel budget acquired {src=tests/golden/base/bmp24.bmp need_bytes=98304 capacity_bytes=<bytes> used_bytes=98304 peak_bytes=131072}
[info] [tid] [encode] [enc_heif.cpp] backend exposes no 'threads' parameter; default pool kept {format=heif backend=x265 encode_threads=1}
[info] [tid] [pipeline] [pipeline.cpp] output done {src=tests/golden/base/bmp24.bmp out=".cache/regression/out-full-heif\\base\\bmp24.heic" format=heif ok=true bytes=537 encode_ms=<ms> metawrite_ms=<ms> warnings=0}
[info] [tid] [pipeline] [pipeline.cpp] file done {src=tests/golden/base/bmp24.bmp outputs=1 ok_outputs=1 bytes=0 decode_ms=<ms> orient_ms=<ms> color_ms=<ms> flatten_ms=<ms> encode_ms=<ms> metawrite_ms=<ms> verdict=Done warnings=0}
[info] [tid] [sched] [scheduler.cpp] file start {index=2 src=tests/golden/base/gray16.png stagger_offset_ms=<ms> stagger_ms=<ms>}
[info] [tid] [sched] [scheduler.cpp] thread alloc {index=2 alloc_files=16 encode_threads=1 active_files=1 sum_encode_threads=1 thread_budget=16}
[info] [tid] [pipeline] [pipeline.cpp] pixel budget acquired {src=tests/golden/base/gray16.png need_bytes=32768 capacity_bytes=<bytes> used_bytes=32768 peak_bytes=131072}
[info] [tid] [encode] [enc_heif.cpp] backend exposes no 'threads' parameter; default pool kept {format=heif backend=x265 encode_threads=1}
[info] [tid] [pipeline] [pipeline.cpp] output done {src=tests/golden/base/gray16.png out=".cache/regression/out-full-heif\\base\\gray16.heic" format=heif ok=true bytes=1297 encode_ms=<ms> metawrite_ms=<ms> warnings=2}
[warning] [tid] [pipeline] [pipeline.cpp] output warning {src=tests/golden/base/gray16.png out=".cache/regression/out-full-heif\\base\\gray16.heic" detail="grayscale source encoded as RGB for format 'heif'"}
[warning] [tid] [pipeline] [pipeline.cpp] output warning {src=tests/golden/base/gray16.png out=".cache/regression/out-full-heif\\base\\gray16.heic" detail="source bit depth 16 -> output bit depth 10"}
[info] [tid] [pipeline] [pipeline.cpp] file done {src=tests/golden/base/gray16.png outputs=1 ok_outputs=1 bytes=0 decode_ms=<ms> orient_ms=<ms> color_ms=<ms> flatten_ms=<ms> encode_ms=<ms> metawrite_ms=<ms> verdict=Done warnings=0}
[info] [tid] [sched] [scheduler.cpp] file start {index=3 src=tests/golden/base/gray16.tif stagger_offset_ms=<ms> stagger_ms=<ms>}
[info] [tid] [sched] [scheduler.cpp] thread alloc {index=3 alloc_files=16 encode_threads=1 active_files=1 sum_encode_threads=1 thread_budget=16}
[info] [tid] [pipeline] [pipeline.cpp] pixel budget acquired {src=tests/golden/base/gray16.tif need_bytes=32768 capacity_bytes=<bytes> used_bytes=32768 peak_bytes=131072}
[info] [tid] [encode] [enc_heif.cpp] backend exposes no 'threads' parameter; default pool kept {format=heif backend=x265 encode_threads=1}
[info] [tid] [pipeline] [pipeline.cpp] output done {src=tests/golden/base/gray16.tif out=".cache/regression/out-full-heif\\base\\gray16.heic" format=heif ok=true bytes=1437 encode_ms=<ms> metawrite_ms=<ms> warnings=2}
[warning] [tid] [pipeline] [pipeline.cpp] output warning {src=tests/golden/base/gray16.tif out=".cache/regression/out-full-heif\\base\\gray16.heic" detail="grayscale source encoded as RGB for format 'heif'"}
[warning] [tid] [pipeline] [pipeline.cpp] output warning {src=tests/golden/base/gray16.tif out=".cache/regression/out-full-heif\\base\\gray16.heic" detail="source bit depth 16 -> output bit depth 10"}
[info] [tid] [pipeline] [pipeline.cpp] file done {src=tests/golden/base/gray16.tif outputs=1 ok_outputs=1 bytes=0 decode_ms=<ms> orient_ms=<ms> color_ms=<ms> flatten_ms=<ms> encode_ms=<ms> metawrite_ms=<ms> verdict=Done warnings=0}
[info] [tid] [sched] [scheduler.cpp] file start {index=4 src=tests/golden/base/gray8.png stagger_offset_ms=<ms> stagger_ms=<ms>}
[info] [tid] [sched] [scheduler.cpp] thread alloc {index=4 alloc_files=16 encode_threads=1 active_files=1 sum_encode_threads=1 thread_budget=16}
[info] [tid] [pipeline] [pipeline.cpp] pixel budget acquired {src=tests/golden/base/gray8.png need_bytes=32768 capacity_bytes=<bytes> used_bytes=32768 peak_bytes=131072}
[info] [tid] [encode] [enc_heif.cpp] backend exposes no 'threads' parameter; default pool kept {format=heif backend=x265 encode_threads=1}
[info] [tid] [pipeline] [pipeline.cpp] output done {src=tests/golden/base/gray8.png out=".cache/regression/out-full-heif\\base\\gray8.heic" format=heif ok=true bytes=1297 encode_ms=<ms> metawrite_ms=<ms> warnings=1}
[warning] [tid] [pipeline] [pipeline.cpp] output warning {src=tests/golden/base/gray8.png out=".cache/regression/out-full-heif\\base\\gray8.heic" detail="grayscale source encoded as RGB for format 'heif'"}
[info] [tid] [pipeline] [pipeline.cpp] file done {src=tests/golden/base/gray8.png outputs=1 ok_outputs=1 bytes=0 decode_ms=<ms> orient_ms=<ms> color_ms=<ms> flatten_ms=<ms> encode_ms=<ms> metawrite_ms=<ms> verdict=Done warnings=0}
[info] [tid] [sched] [scheduler.cpp] file start {index=5 src=tests/golden/base/graya8.png stagger_offset_ms=<ms> stagger_ms=<ms>}
[info] [tid] [sched] [scheduler.cpp] thread alloc {index=5 alloc_files=16 encode_threads=1 active_files=1 sum_encode_threads=1 thread_budget=16}
[info] [tid] [pipeline] [pipeline.cpp] pixel budget acquired {src=tests/golden/base/graya8.png need_bytes=65536 capacity_bytes=<bytes> used_bytes=65536 peak_bytes=131072}
[info] [tid] [encode] [enc_heif.cpp] backend exposes no 'threads' parameter; default pool kept {format=heif backend=x265 encode_threads=1}
[info] [tid] [pipeline] [pipeline.cpp] output done {src=tests/golden/base/graya8.png out=".cache/regression/out-full-heif\\base\\graya8.heic" format=heif ok=true bytes=1701 encode_ms=<ms> metawrite_ms=<ms> warnings=1}
[warning] [tid] [pipeline] [pipeline.cpp] output warning {src=tests/golden/base/graya8.png out=".cache/regression/out-full-heif\\base\\graya8.heic" detail="grayscale source encoded as RGB for format 'heif'"}
[info] [tid] [pipeline] [pipeline.cpp] file done {src=tests/golden/base/graya8.png outputs=1 ok_outputs=1 bytes=0 decode_ms=<ms> orient_ms=<ms> color_ms=<ms> flatten_ms=<ms> encode_ms=<ms> metawrite_ms=<ms> verdict=Done warnings=0}
[info] [tid] [sched] [scheduler.cpp] file start {index=6 src=tests/golden/base/jxl8.jxl stagger_offset_ms=<ms> stagger_ms=<ms>}
[info] [tid] [sched] [scheduler.cpp] thread alloc {index=6 alloc_files=16 encode_threads=1 active_files=1 sum_encode_threads=1 thread_budget=16}
[info] [tid] [pipeline] [pipeline.cpp] CICP (1,13) → sRGB {src=tests/golden/base/jxl8.jxl}
[info] [tid] [pipeline] [pipeline.cpp] pixel budget acquired {src=tests/golden/base/jxl8.jxl need_bytes=98304 capacity_bytes=<bytes> used_bytes=98304 peak_bytes=131072}
[info] [tid] [encode] [enc_heif.cpp] backend exposes no 'threads' parameter; default pool kept {format=heif backend=x265 encode_threads=1}
[info] [tid] [pipeline] [pipeline.cpp] output done {src=tests/golden/base/jxl8.jxl out=".cache/regression/out-full-heif\\base\\jxl8.heic" format=heif ok=true bytes=1213 encode_ms=<ms> metawrite_ms=<ms> warnings=0}
[info] [tid] [pipeline] [pipeline.cpp] file done {src=tests/golden/base/jxl8.jxl outputs=1 ok_outputs=1 bytes=0 decode_ms=<ms> orient_ms=<ms> color_ms=<ms> flatten_ms=<ms> encode_ms=<ms> metawrite_ms=<ms> verdict=Done warnings=0}
[info] [tid] [sched] [scheduler.cpp] file start {index=7 src=tests/golden/base/multi.tif stagger_offset_ms=<ms> stagger_ms=<ms>}
[info] [tid] [sched] [scheduler.cpp] thread alloc {index=7 alloc_files=16 encode_threads=1 active_files=1 sum_encode_threads=1 thread_budget=16}
[info] [tid] [pipeline] [pipeline.cpp] pixel budget acquired {src=tests/golden/base/multi.tif need_bytes=98304 capacity_bytes=<bytes> used_bytes=98304 peak_bytes=131072}
[info] [tid] [encode] [enc_heif.cpp] backend exposes no 'threads' parameter; default pool kept {format=heif backend=x265 encode_threads=1}
[info] [tid] [pipeline] [pipeline.cpp] output done {src=tests/golden/base/multi.tif out=".cache/regression/out-full-heif\\base\\multi.heic" format=heif ok=true bytes=1204 encode_ms=<ms> metawrite_ms=<ms> warnings=1}
[warning] [tid] [pipeline] [pipeline.cpp] output warning {src=tests/golden/base/multi.tif out=".cache/regression/out-full-heif\\base\\multi.heic" detail="multipage or animated input: only the first page was decoded"}
[info] [tid] [pipeline] [pipeline.cpp] file done {src=tests/golden/base/multi.tif outputs=1 ok_outputs=1 bytes=0 decode_ms=<ms> orient_ms=<ms> color_ms=<ms> flatten_ms=<ms> encode_ms=<ms> metawrite_ms=<ms> verdict=Done warnings=0}
[info] [tid] [sched] [scheduler.cpp] file start {index=8 src=tests/golden/base/photo.jpg stagger_offset_ms=<ms> stagger_ms=<ms>}
[info] [tid] [sched] [scheduler.cpp] thread alloc {index=8 alloc_files=16 encode_threads=1 active_files=1 sum_encode_threads=1 thread_budget=16}
[info] [tid] [pipeline] [pipeline.cpp] pixel budget acquired {src=tests/golden/base/photo.jpg need_bytes=98304 capacity_bytes=<bytes> used_bytes=98304 peak_bytes=131072}
[info] [tid] [encode] [enc_heif.cpp] backend exposes no 'threads' parameter; default pool kept {format=heif backend=x265 encode_threads=1}
[info] [tid] [pipeline] [pipeline.cpp] output done {src=tests/golden/base/photo.jpg out=".cache/regression/out-full-heif\\base\\photo.heic" format=heif ok=true bytes=696 encode_ms=<ms> metawrite_ms=<ms> warnings=0}
[info] [tid] [pipeline] [pipeline.cpp] file done {src=tests/golden/base/photo.jpg outputs=1 ok_outputs=1 bytes=0 decode_ms=<ms> orient_ms=<ms> color_ms=<ms> flatten_ms=<ms> encode_ms=<ms> metawrite_ms=<ms> verdict=Done warnings=0}
[info] [tid] [sched] [scheduler.cpp] file start {index=9 src=tests/golden/base/rgb16.png stagger_offset_ms=<ms> stagger_ms=<ms>}
[info] [tid] [sched] [scheduler.cpp] thread alloc {index=9 alloc_files=16 encode_threads=1 active_files=1 sum_encode_threads=1 thread_budget=16}
[info] [tid] [pipeline] [pipeline.cpp] pixel budget acquired {src=tests/golden/base/rgb16.png need_bytes=98304 capacity_bytes=<bytes> used_bytes=98304 peak_bytes=131072}
[info] [tid] [encode] [enc_heif.cpp] backend exposes no 'threads' parameter; default pool kept {format=heif backend=x265 encode_threads=1}
[info] [tid] [pipeline] [pipeline.cpp] output done {src=tests/golden/base/rgb16.png out=".cache/regression/out-full-heif\\base\\rgb16.heic" format=heif ok=true bytes=696 encode_ms=<ms> metawrite_ms=<ms> warnings=1}
[warning] [tid] [pipeline] [pipeline.cpp] output warning {src=tests/golden/base/rgb16.png out=".cache/regression/out-full-heif\\base\\rgb16.heic" detail="source bit depth 16 -> output bit depth 10"}
[info] [tid] [pipeline] [pipeline.cpp] file done {src=tests/golden/base/rgb16.png outputs=1 ok_outputs=1 bytes=0 decode_ms=<ms> orient_ms=<ms> color_ms=<ms> flatten_ms=<ms> encode_ms=<ms> metawrite_ms=<ms> verdict=Done warnings=0}
[info] [tid] [sched] [scheduler.cpp] file start {index=10 src=tests/golden/base/rgb16.tif stagger_offset_ms=<ms> stagger_ms=<ms>}
[info] [tid] [sched] [scheduler.cpp] thread alloc {index=10 alloc_files=16 encode_threads=1 active_files=1 sum_encode_threads=1 thread_budget=16}
[info] [tid] [pipeline] [pipeline.cpp] pixel budget acquired {src=tests/golden/base/rgb16.tif need_bytes=98304 capacity_bytes=<bytes> used_bytes=98304 peak_bytes=131072}
[info] [tid] [encode] [enc_heif.cpp] backend exposes no 'threads' parameter; default pool kept {format=heif backend=x265 encode_threads=1}
[info] [tid] [pipeline] [pipeline.cpp] output done {src=tests/golden/base/rgb16.tif out=".cache/regression/out-full-heif\\base\\rgb16.heic" format=heif ok=true bytes=848 encode_ms=<ms> metawrite_ms=<ms> warnings=1}
[warning] [tid] [pipeline] [pipeline.cpp] output warning {src=tests/golden/base/rgb16.tif out=".cache/regression/out-full-heif\\base\\rgb16.heic" detail="source bit depth 16 -> output bit depth 10"}
[info] [tid] [pipeline] [pipeline.cpp] file done {src=tests/golden/base/rgb16.tif outputs=1 ok_outputs=1 bytes=0 decode_ms=<ms> orient_ms=<ms> color_ms=<ms> flatten_ms=<ms> encode_ms=<ms> metawrite_ms=<ms> verdict=Done warnings=0}
[info] [tid] [sched] [scheduler.cpp] file start {index=11 src=tests/golden/base/rgb8.png stagger_offset_ms=<ms> stagger_ms=<ms>}
[info] [tid] [sched] [scheduler.cpp] thread alloc {index=11 alloc_files=16 encode_threads=1 active_files=1 sum_encode_threads=1 thread_budget=16}
[info] [tid] [pipeline] [pipeline.cpp] pixel budget acquired {src=tests/golden/base/rgb8.png need_bytes=98304 capacity_bytes=<bytes> used_bytes=98304 peak_bytes=131072}
[info] [tid] [encode] [enc_heif.cpp] backend exposes no 'threads' parameter; default pool kept {format=heif backend=x265 encode_threads=1}
[info] [tid] [pipeline] [pipeline.cpp] output done {src=tests/golden/base/rgb8.png out=".cache/regression/out-full-heif\\base\\rgb8.heic" format=heif ok=true bytes=696 encode_ms=<ms> metawrite_ms=<ms> warnings=0}
[info] [tid] [pipeline] [pipeline.cpp] file done {src=tests/golden/base/rgb8.png outputs=1 ok_outputs=1 bytes=0 decode_ms=<ms> orient_ms=<ms> color_ms=<ms> flatten_ms=<ms> encode_ms=<ms> metawrite_ms=<ms> verdict=Done warnings=0}
[info] [tid] [sched] [scheduler.cpp] file start {index=12 src=tests/golden/base/rgb8.tif stagger_offset_ms=<ms> stagger_ms=<ms>}
[info] [tid] [sched] [scheduler.cpp] thread alloc {index=12 alloc_files=15 encode_threads=1 active_files=1 sum_encode_threads=1 thread_budget=16}
[info] [tid] [pipeline] [pipeline.cpp] pixel budget acquired {src=tests/golden/base/rgb8.tif need_bytes=98304 capacity_bytes=<bytes> used_bytes=98304 peak_bytes=131072}
[info] [tid] [encode] [enc_heif.cpp] backend exposes no 'threads' parameter; default pool kept {format=heif backend=x265 encode_threads=1}
[info] [tid] [pipeline] [pipeline.cpp] output done {src=tests/golden/base/rgb8.tif out=".cache/regression/out-full-heif\\base\\rgb8.heic" format=heif ok=true bytes=848 encode_ms=<ms> metawrite_ms=<ms> warnings=0}
[info] [tid] [pipeline] [pipeline.cpp] file done {src=tests/golden/base/rgb8.tif outputs=1 ok_outputs=1 bytes=0 decode_ms=<ms> orient_ms=<ms> color_ms=<ms> flatten_ms=<ms> encode_ms=<ms> metawrite_ms=<ms> verdict=Done warnings=0}
[info] [tid] [sched] [scheduler.cpp] file start {index=13 src=tests/golden/base/rgba16.png stagger_offset_ms=<ms> stagger_ms=<ms>}
[info] [tid] [sched] [scheduler.cpp] thread alloc {index=13 alloc_files=14 encode_threads=1 active_files=1 sum_encode_threads=1 thread_budget=16}
[info] [tid] [pipeline] [pipeline.cpp] pixel budget acquired {src=tests/golden/base/rgba16.png need_bytes=131072 capacity_bytes=<bytes> used_bytes=131072 peak_bytes=131072}
[info] [tid] [encode] [enc_heif.cpp] backend exposes no 'threads' parameter; default pool kept {format=heif backend=x265 encode_threads=1}
[info] [tid] [pipeline] [pipeline.cpp] output done {src=tests/golden/base/rgba16.png out=".cache/regression/out-full-heif\\base\\rgba16.heic" format=heif ok=true bytes=1100 encode_ms=<ms> metawrite_ms=<ms> warnings=1}
[warning] [tid] [pipeline] [pipeline.cpp] output warning {src=tests/golden/base/rgba16.png out=".cache/regression/out-full-heif\\base\\rgba16.heic" detail="source bit depth 16 -> output bit depth 10"}
[info] [tid] [pipeline] [pipeline.cpp] file done {src=tests/golden/base/rgba16.png outputs=1 ok_outputs=1 bytes=0 decode_ms=<ms> orient_ms=<ms> color_ms=<ms> flatten_ms=<ms> encode_ms=<ms> metawrite_ms=<ms> verdict=Done warnings=0}
[info] [tid] [sched] [scheduler.cpp] file start {index=14 src=tests/golden/base/rgba8.png stagger_offset_ms=<ms> stagger_ms=<ms>}
[info] [tid] [sched] [scheduler.cpp] thread alloc {index=14 alloc_files=13 encode_threads=1 active_files=1 sum_encode_threads=1 thread_budget=16}
[info] [tid] [pipeline] [pipeline.cpp] pixel budget acquired {src=tests/golden/base/rgba8.png need_bytes=131072 capacity_bytes=<bytes> used_bytes=131072 peak_bytes=131072}
[info] [tid] [encode] [enc_heif.cpp] backend exposes no 'threads' parameter; default pool kept {format=heif backend=x265 encode_threads=1}
[info] [tid] [pipeline] [pipeline.cpp] output done {src=tests/golden/base/rgba8.png out=".cache/regression/out-full-heif\\base\\rgba8.heic" format=heif ok=true bytes=1100 encode_ms=<ms> metawrite_ms=<ms> warnings=0}
[info] [tid] [pipeline] [pipeline.cpp] file done {src=tests/golden/base/rgba8.png outputs=1 ok_outputs=1 bytes=0 decode_ms=<ms> orient_ms=<ms> color_ms=<ms> flatten_ms=<ms> encode_ms=<ms> metawrite_ms=<ms> verdict=Done warnings=0}
[info] [tid] [sched] [scheduler.cpp] file start {index=15 src=tests/golden/base/targa.tga stagger_offset_ms=<ms> stagger_ms=<ms>}
[info] [tid] [sched] [scheduler.cpp] thread alloc {index=15 alloc_files=12 encode_threads=1 active_files=1 sum_encode_threads=1 thread_budget=16}
[info] [tid] [pipeline] [pipeline.cpp] pixel budget acquired {src=tests/golden/base/targa.tga need_bytes=98304 capacity_bytes=<bytes> used_bytes=98304 peak_bytes=131072}
[info] [tid] [encode] [enc_heif.cpp] backend exposes no 'threads' parameter; default pool kept {format=heif backend=x265 encode_threads=1}
[info] [tid] [pipeline] [pipeline.cpp] output done {src=tests/golden/base/targa.tga out=".cache/regression/out-full-heif\\base\\targa.heic" format=heif ok=true bytes=537 encode_ms=<ms> metawrite_ms=<ms> warnings=0}
[info] [tid] [pipeline] [pipeline.cpp] file done {src=tests/golden/base/targa.tga outputs=1 ok_outputs=1 bytes=0 decode_ms=<ms> orient_ms=<ms> color_ms=<ms> flatten_ms=<ms> encode_ms=<ms> metawrite_ms=<ms> verdict=Done warnings=0}
[info] [tid] [sched] [scheduler.cpp] file start {index=16 src=tests/golden/edge/cmyk.tif stagger_offset_ms=<ms> stagger_ms=<ms>}
[info] [tid] [sched] [scheduler.cpp] file start {index=17 src=tests/golden/edge/corrupt_trunc.jpg stagger_offset_ms=<ms> stagger_ms=<ms>}
[info] [tid] [sched] [scheduler.cpp] file start {index=18 src=tests/golden/edge/corrupt_zero.png stagger_offset_ms=<ms> stagger_ms=<ms>}
[info] [tid] [sched] [scheduler.cpp] file start {index=19 src=tests/golden/edge/测试📸unicode.png stagger_offset_ms=<ms> stagger_ms=<ms>}
[info] [tid] [sched] [scheduler.cpp] thread alloc {index=19 alloc_files=8 encode_threads=2 active_files=1 sum_encode_threads=2 thread_budget=16}
[info] [tid] [pipeline] [pipeline.cpp] pixel budget acquired {src=tests/golden/edge/测试📸unicode.png need_bytes=98304 capacity_bytes=<bytes> used_bytes=98304 peak_bytes=131072}
[info] [tid] [encode] [enc_heif.cpp] backend exposes no 'threads' parameter; default pool kept {format=heif backend=x265 encode_threads=2}
[info] [tid] [pipeline] [pipeline.cpp] output done {src=tests/golden/edge/测试📸unicode.png out=".cache/regression/out-full-heif\\edge\\测试📸unicode.heic" format=heif ok=true bytes=696 encode_ms=<ms> metawrite_ms=<ms> warnings=0}
[info] [tid] [pipeline] [pipeline.cpp] file done {src=tests/golden/edge/测试📸unicode.png outputs=1 ok_outputs=1 bytes=0 decode_ms=<ms> orient_ms=<ms> color_ms=<ms> flatten_ms=<ms> encode_ms=<ms> metawrite_ms=<ms> verdict=Done warnings=0}
[info] [tid] [sched] [scheduler.cpp] file start {index=20 src=tests/golden/meta/avif_exif.avif stagger_offset_ms=<ms> stagger_ms=<ms>}
[info] [tid] [sched] [scheduler.cpp] thread alloc {index=20 alloc_files=7 encode_threads=2 active_files=1 sum_encode_threads=2 thread_budget=16}
[info] [tid] [pipeline] [pipeline.cpp] pixel budget acquired {src=tests/golden/meta/avif_exif.avif need_bytes=98304 capacity_bytes=<bytes> used_bytes=98304 peak_bytes=131072}
[info] [tid] [encode] [enc_heif.cpp] backend exposes no 'threads' parameter; default pool kept {format=heif backend=x265 encode_threads=2}
[info] [tid] [pipeline] [pipeline.cpp] output done {src=tests/golden/meta/avif_exif.avif out=".cache/regression/out-full-heif\\meta\\avif_exif.heic" format=heif ok=true bytes=733 encode_ms=<ms> metawrite_ms=<ms> warnings=0}
[info] [tid] [pipeline] [pipeline.cpp] file done {src=tests/golden/meta/avif_exif.avif outputs=1 ok_outputs=1 bytes=0 decode_ms=<ms> orient_ms=<ms> color_ms=<ms> flatten_ms=<ms> encode_ms=<ms> metawrite_ms=<ms> verdict=Done warnings=0}
[info] [tid] [sched] [scheduler.cpp] file start {index=21 src=tests/golden/meta/cmyk.tif stagger_offset_ms=<ms> stagger_ms=<ms>}
[info] [tid] [sched] [scheduler.cpp] file start {index=22 src=tests/golden/meta/exif_full.jpg stagger_offset_ms=<ms> stagger_ms=<ms>}
[info] [tid] [sched] [scheduler.cpp] thread alloc {index=22 alloc_files=5 encode_threads=3 active_files=1 sum_encode_threads=3 thread_budget=16}
[info] [tid] [pipeline] [pipeline.cpp] pixel budget acquired {src=tests/golden/meta/exif_full.jpg need_bytes=98304 capacity_bytes=<bytes> used_bytes=98304 peak_bytes=131072}
[info] [tid] [encode] [enc_heif.cpp] backend exposes no 'threads' parameter; default pool kept {format=heif backend=x265 encode_threads=3}
[info] [tid] [pipeline] [pipeline.cpp] output done {src=tests/golden/meta/exif_full.jpg out=".cache/regression/out-full-heif\\meta\\exif_full.heic" format=heif ok=true bytes=734 encode_ms=<ms> metawrite_ms=<ms> warnings=0}
[info] [tid] [pipeline] [pipeline.cpp] file done {src=tests/golden/meta/exif_full.jpg outputs=1 ok_outputs=1 bytes=0 decode_ms=<ms> orient_ms=<ms> color_ms=<ms> flatten_ms=<ms> encode_ms=<ms> metawrite_ms=<ms> verdict=Done warnings=0}
[info] [tid] [sched] [scheduler.cpp] file start {index=23 src=tests/golden/meta/heif_exif.heic stagger_offset_ms=<ms> stagger_ms=<ms>}
[info] [tid] [sched] [scheduler.cpp] thread alloc {index=23 alloc_files=4 encode_threads=4 active_files=1 sum_encode_threads=4 thread_budget=16}
[info] [tid] [pipeline] [pipeline.cpp] pixel budget acquired {src=tests/golden/meta/heif_exif.heic need_bytes=98304 capacity_bytes=<bytes> used_bytes=98304 peak_bytes=131072}
[info] [tid] [encode] [enc_heif.cpp] backend exposes no 'threads' parameter; default pool kept {format=heif backend=x265 encode_threads=4}
[info] [tid] [pipeline] [pipeline.cpp] output done {src=tests/golden/meta/heif_exif.heic out=".cache/regression/out-full-heif\\meta\\heif_exif.heic" format=heif ok=true bytes=728 encode_ms=<ms> metawrite_ms=<ms> warnings=0}
[info] [tid] [pipeline] [pipeline.cpp] file done {src=tests/golden/meta/heif_exif.heic outputs=1 ok_outputs=1 bytes=0 decode_ms=<ms> orient_ms=<ms> color_ms=<ms> flatten_ms=<ms> encode_ms=<ms> metawrite_ms=<ms> verdict=Done warnings=0}
[info] [tid] [sched] [scheduler.cpp] file start {index=24 src=tests/golden/meta/jxl_exif.jxl stagger_offset_ms=<ms> stagger_ms=<ms>}
[info] [tid] [sched] [scheduler.cpp] thread alloc {index=24 alloc_files=3 encode_threads=5 active_files=1 sum_encode_threads=5 thread_budget=16}
[info] [tid] [pipeline] [pipeline.cpp] CICP (1,13) → sRGB {src=tests/golden/meta/jxl_exif.jxl}
[info] [tid] [pipeline] [pipeline.cpp] pixel budget acquired {src=tests/golden/meta/jxl_exif.jxl need_bytes=98304 capacity_bytes=<bytes> used_bytes=98304 peak_bytes=131072}
[info] [tid] [encode] [enc_heif.cpp] backend exposes no 'threads' parameter; default pool kept {format=heif backend=x265 encode_threads=5}
[info] [tid] [pipeline] [pipeline.cpp] output done {src=tests/golden/meta/jxl_exif.jxl out=".cache/regression/out-full-heif\\meta\\jxl_exif.heic" format=heif ok=true bytes=3985 encode_ms=<ms> metawrite_ms=<ms> warnings=0}
[info] [tid] [pipeline] [pipeline.cpp] file done {src=tests/golden/meta/jxl_exif.jxl outputs=1 ok_outputs=1 bytes=0 decode_ms=<ms> orient_ms=<ms> color_ms=<ms> flatten_ms=<ms> encode_ms=<ms> metawrite_ms=<ms> verdict=Done warnings=0}
[info] [tid] [sched] [scheduler.cpp] file start {index=25 src=tests/golden/meta/webp_lossless.webp stagger_offset_ms=<ms> stagger_ms=<ms>}
[info] [tid] [sched] [scheduler.cpp] thread alloc {index=25 alloc_files=2 encode_threads=8 active_files=1 sum_encode_threads=8 thread_budget=16}
[info] [tid] [pipeline] [pipeline.cpp] pixel budget acquired {src=tests/golden/meta/webp_lossless.webp need_bytes=98304 capacity_bytes=<bytes> used_bytes=98304 peak_bytes=131072}
[info] [tid] [encode] [enc_heif.cpp] backend exposes no 'threads' parameter; default pool kept {format=heif backend=x265 encode_threads=8}
[info] [tid] [pipeline] [pipeline.cpp] output done {src=tests/golden/meta/webp_lossless.webp out=".cache/regression/out-full-heif\\meta\\webp_lossless.heic" format=heif ok=true bytes=463 encode_ms=<ms> metawrite_ms=<ms> warnings=0}
[info] [tid] [pipeline] [pipeline.cpp] file done {src=tests/golden/meta/webp_lossless.webp outputs=1 ok_outputs=1 bytes=0 decode_ms=<ms> orient_ms=<ms> color_ms=<ms> flatten_ms=<ms> encode_ms=<ms> metawrite_ms=<ms> verdict=Done warnings=0}
[info] [tid] [sched] [scheduler.cpp] file start {index=26 src=tests/golden/meta/webp_lossy.webp stagger_offset_ms=<ms> stagger_ms=<ms>}
[info] [tid] [sched] [scheduler.cpp] thread alloc {index=26 alloc_files=1 encode_threads=16 active_files=1 sum_encode_threads=16 thread_budget=16}
[info] [tid] [pipeline] [pipeline.cpp] pixel budget acquired {src=tests/golden/meta/webp_lossy.webp need_bytes=98304 capacity_bytes=<bytes> used_bytes=98304 peak_bytes=131072}
[info] [tid] [encode] [enc_heif.cpp] backend exposes no 'threads' parameter; default pool kept {format=heif backend=x265 encode_threads=16}
[info] [tid] [pipeline] [pipeline.cpp] output done {src=tests/golden/meta/webp_lossy.webp out=".cache/regression/out-full-heif\\meta\\webp_lossy.heic" format=heif ok=true bytes=472 encode_ms=<ms> metawrite_ms=<ms> warnings=0}
[info] [tid] [pipeline] [pipeline.cpp] file done {src=tests/golden/meta/webp_lossy.webp outputs=1 ok_outputs=1 bytes=0 decode_ms=<ms> orient_ms=<ms> color_ms=<ms> flatten_ms=<ms> encode_ms=<ms> metawrite_ms=<ms> verdict=Done warnings=0}
[info] [tid] [scheduler] [scheduler.cpp] e3 report {thread_budget=16 stagger_ms=<ms> peak_active_files=1 peak_sum_encode_threads=16 active_files_end=0 files_done=27}
[info] [tid] [run] [main.cpp] run summary {files=27 ok=23 failed=4 skipped=0 cancelled=0 bytes=23814 total_ms=<ms> throughput_mb_s=<val> avg_file_ms=<ms>}
photopipeline --dev
  format=heif backend=(first) tech=(first) lossless=false bitdepth=10 color=keep conflict=overwrite
  out=.cache/regression/out-full-heif workers=1 files=27 metadata_only=false params=[]

file                                           state          bytes        ms  warnings
tests/golden/base/anim.gif ok 796 <ms> MultipageTruncated
tests/golden/base/bmp24.bmp ok 537 <ms>
tests/golden/base/gray16.png ok 1297 <ms> GrayToRgbEncoded,DepthDowngrade
tests/golden/base/gray16.tif ok 1437 <ms> GrayToRgbEncoded,DepthDowngrade
tests/golden/base/gray8.png ok 1297 <ms> GrayToRgbEncoded
tests/golden/base/graya8.png ok 1701 <ms> GrayToRgbEncoded
tests/golden/base/jxl8.jxl ok 1213 <ms>
tests/golden/base/multi.tif ok 1204 <ms> MultipageTruncated
tests/golden/base/photo.jpg ok 696 <ms>
tests/golden/base/rgb16.png ok 696 <ms> DepthDowngrade
tests/golden/base/rgb16.tif ok 848 <ms> DepthDowngrade
tests/golden/base/rgb8.png ok 696 <ms>
tests/golden/base/rgb8.tif ok 848 <ms>
tests/golden/base/rgba16.png ok 1100 <ms> DepthDowngrade
tests/golden/base/rgba8.png ok 1100 <ms>
tests/golden/base/targa.tga ok 537 <ms>
tests/golden/edge/cmyk.tif failed 0 <ms>
    error: probe failed: CMYK input is not supported
tests/golden/edge/corrupt_trunc.jpg failed 0 <ms>
    error: probe failed: JPEG error: <repo>\vcpkg\buildtrees\libjpeg-turbo\src\56c1f52a20-f26ed ("tests/golden/edge/corrupt_trunc.jpg")
tests/golden/edge/corrupt_zero.png failed 0 <ms>
    error: probe failed: Not a PNG file
tests/golden/edge/测试📸unicode.png ok 696 <ms>
tests/golden/meta/avif_exif.avif ok 733 <ms>
tests/golden/meta/cmyk.tif failed 0 <ms>
    error: probe failed: CMYK input is not supported
tests/golden/meta/exif_full.jpg ok 734 <ms>
tests/golden/meta/heif_exif.heic ok 728 <ms>
tests/golden/meta/jxl_exif.jxl ok 3985 <ms>
tests/golden/meta/webp_lossless.webp ok 463 <ms>
tests/golden/meta/webp_lossy.webp ok 472 <ms>

SUMMARY files=27 ok=23 failed=4 skipped=0 cancelled=0 bytes=23814 total_ms=<ms> throughput_mb_s=<val> avg_file_ms=<ms>
EXIT 4 (failed files)
### run full-avif rc=8 args=--format avif
[info] [tid] [encode] [enc_heif.cpp] bit depth probe {format=avif backend="" supported=8,10,12 unsupported=""}
[info] [tid] [run] [main.cpp] run start {outputs=avif output_count=1 template=$dir/$file lossless=false color=keep conflict=overwrite workers=1 files=27 metadata_only=false out=.cache/regression/out-full-avif params=""}
[info] [tid] [run] [main.cpp] version {lib=app version=0.2.0}
[info] [tid] [run] [main.cpp] version {lib=qt version=6.11.2}
[info] [tid] [run] [main.cpp] version {lib=oiio version=3.1.17.0}
[info] [tid] [run] [main.cpp] version {lib=jpegli version=031a0077}
[info] [tid] [run] [main.cpp] version {lib=libjxl version=0x00002ee0}
[info] [tid] [run] [main.cpp] version {lib=libheif version=1.23.5}
[info] [tid] [run] [main.cpp] version {lib=exiv2 version=0.28.9}
[info] [tid] [run] [main.cpp] version {lib=lcms2 version=2190}
[info] [tid] [run] [main.cpp] version {lib=webp version=1.6.0}
[info] [tid] [run] [main.cpp] version {lib=tiff version="LIBTIFF, Version 4.7.2"}
[info] [tid] [run] [main.cpp] version {lib=x265 version="x265 HEVC encoder (4.3-vcpkg)"}
[info] [tid] [run] [main.cpp] version {lib=svt-av1 version="SVT-AV1 encoder v4.2.0"}
[info] [tid] [run] [main.cpp] version {lib=aom version="AOMedia Project AV1 Encoder v3.15.1"}
[info] [tid] [scheduler] [scheduler.cpp] start {files=27 workers=1 workers_resolved=1 stagger_ms=<ms> thread_budget=16 budget_bytes=<bytes> outputs=1 formats=avif template=$dir/$file mode=transcode}
[info] [tid] [sched] [scheduler.cpp] file start {index=0 src=tests/golden/base/anim.gif stagger_offset_ms=<ms> stagger_ms=<ms>}
[info] [tid] [sched] [scheduler.cpp] thread alloc {index=0 alloc_files=16 encode_threads=1 active_files=1 sum_encode_threads=1 thread_budget=16}
[info] [tid] [pipeline] [pipeline.cpp] pixel budget acquired {src=tests/golden/base/anim.gif need_bytes=131072 capacity_bytes=<bytes> used_bytes=131072 peak_bytes=131072}
[error] [tid] [encode] [enc_heif.cpp] encode failed {format=avif backend=svt-av1 error="svt-av1 does not support 10-bit with alpha; use backend libaom"}
[error] [tid] [pipeline] [pipeline.cpp] encode failed: svt-av1 does not support 10-bit with alpha; use backend libaom {src=tests/golden/base/anim.gif out=".cache/regression/out-full-avif\\base\\anim.avif"}
[info] [tid] [pipeline] [pipeline.cpp] output done {src=tests/golden/base/anim.gif out=".cache/regression/out-full-avif\\base\\anim.avif" format=avif ok=false bytes=0 encode_ms=<ms> metawrite_ms=<ms> warnings=1}
[warning] [tid] [pipeline] [pipeline.cpp] output warning {src=tests/golden/base/anim.gif out=".cache/regression/out-full-avif\\base\\anim.avif" detail="multipage or animated input: only the first page was decoded"}
[info] [tid] [pipeline] [pipeline.cpp] file done {src=tests/golden/base/anim.gif outputs=1 ok_outputs=0 bytes=0 decode_ms=<ms> orient_ms=<ms> color_ms=<ms> flatten_ms=<ms> encode_ms=<ms> metawrite_ms=<ms> verdict=Failed warnings=0}
[info] [tid] [sched] [scheduler.cpp] file start {index=1 src=tests/golden/base/bmp24.bmp stagger_offset_ms=<ms> stagger_ms=<ms>}
[info] [tid] [sched] [scheduler.cpp] thread alloc {index=1 alloc_files=16 encode_threads=1 active_files=1 sum_encode_threads=1 thread_budget=16}
[info] [tid] [pipeline] [pipeline.cpp] pixel budget acquired {src=tests/golden/base/bmp24.bmp need_bytes=98304 capacity_bytes=<bytes> used_bytes=98304 peak_bytes=131072}
[info] [tid] [pipeline] [pipeline.cpp] output done {src=tests/golden/base/bmp24.bmp out=".cache/regression/out-full-avif\\base\\bmp24.avif" format=avif ok=true bytes=955 encode_ms=<ms> metawrite_ms=<ms> warnings=0}
[info] [tid] [pipeline] [pipeline.cpp] file done {src=tests/golden/base/bmp24.bmp outputs=1 ok_outputs=1 bytes=0 decode_ms=<ms> orient_ms=<ms> color_ms=<ms> flatten_ms=<ms> encode_ms=<ms> metawrite_ms=<ms> verdict=Done warnings=0}
[info] [tid] [sched] [scheduler.cpp] file start {index=2 src=tests/golden/base/gray16.png stagger_offset_ms=<ms> stagger_ms=<ms>}
[info] [tid] [sched] [scheduler.cpp] thread alloc {index=2 alloc_files=16 encode_threads=1 active_files=1 sum_encode_threads=1 thread_budget=16}
[info] [tid] [pipeline] [pipeline.cpp] pixel budget acquired {src=tests/golden/base/gray16.png need_bytes=32768 capacity_bytes=<bytes> used_bytes=32768 peak_bytes=131072}
[info] [tid] [pipeline] [pipeline.cpp] output done {src=tests/golden/base/gray16.png out=".cache/regression/out-full-avif\\base\\gray16.avif" format=avif ok=true bytes=1715 encode_ms=<ms> metawrite_ms=<ms> warnings=2}
[warning] [tid] [pipeline] [pipeline.cpp] output warning {src=tests/golden/base/gray16.png out=".cache/regression/out-full-avif\\base\\gray16.avif" detail="grayscale source encoded as RGB for format 'avif'"}
[warning] [tid] [pipeline] [pipeline.cpp] output warning {src=tests/golden/base/gray16.png out=".cache/regression/out-full-avif\\base\\gray16.avif" detail="source bit depth 16 -> output bit depth 10"}
[info] [tid] [pipeline] [pipeline.cpp] file done {src=tests/golden/base/gray16.png outputs=1 ok_outputs=1 bytes=0 decode_ms=<ms> orient_ms=<ms> color_ms=<ms> flatten_ms=<ms> encode_ms=<ms> metawrite_ms=<ms> verdict=Done warnings=0}
[info] [tid] [sched] [scheduler.cpp] file start {index=3 src=tests/golden/base/gray16.tif stagger_offset_ms=<ms> stagger_ms=<ms>}
[info] [tid] [sched] [scheduler.cpp] thread alloc {index=3 alloc_files=16 encode_threads=1 active_files=1 sum_encode_threads=1 thread_budget=16}
[info] [tid] [pipeline] [pipeline.cpp] pixel budget acquired {src=tests/golden/base/gray16.tif need_bytes=32768 capacity_bytes=<bytes> used_bytes=32768 peak_bytes=131072}
[info] [tid] [pipeline] [pipeline.cpp] output done {src=tests/golden/base/gray16.tif out=".cache/regression/out-full-avif\\base\\gray16.avif" format=avif ok=true bytes=1855 encode_ms=<ms> metawrite_ms=<ms> warnings=2}
[warning] [tid] [pipeline] [pipeline.cpp] output warning {src=tests/golden/base/gray16.tif out=".cache/regression/out-full-avif\\base\\gray16.avif" detail="grayscale source encoded as RGB for format 'avif'"}
[warning] [tid] [pipeline] [pipeline.cpp] output warning {src=tests/golden/base/gray16.tif out=".cache/regression/out-full-avif\\base\\gray16.avif" detail="source bit depth 16 -> output bit depth 10"}
[info] [tid] [pipeline] [pipeline.cpp] file done {src=tests/golden/base/gray16.tif outputs=1 ok_outputs=1 bytes=0 decode_ms=<ms> orient_ms=<ms> color_ms=<ms> flatten_ms=<ms> encode_ms=<ms> metawrite_ms=<ms> verdict=Done warnings=0}
[info] [tid] [sched] [scheduler.cpp] file start {index=4 src=tests/golden/base/gray8.png stagger_offset_ms=<ms> stagger_ms=<ms>}
[info] [tid] [sched] [scheduler.cpp] thread alloc {index=4 alloc_files=16 encode_threads=1 active_files=1 sum_encode_threads=1 thread_budget=16}
[info] [tid] [pipeline] [pipeline.cpp] pixel budget acquired {src=tests/golden/base/gray8.png need_bytes=32768 capacity_bytes=<bytes> used_bytes=32768 peak_bytes=131072}
[info] [tid] [pipeline] [pipeline.cpp] output done {src=tests/golden/base/gray8.png out=".cache/regression/out-full-avif\\base\\gray8.avif" format=avif ok=true bytes=1715 encode_ms=<ms> metawrite_ms=<ms> warnings=1}
[warning] [tid] [pipeline] [pipeline.cpp] output warning {src=tests/golden/base/gray8.png out=".cache/regression/out-full-avif\\base\\gray8.avif" detail="grayscale source encoded as RGB for format 'avif'"}
[info] [tid] [pipeline] [pipeline.cpp] file done {src=tests/golden/base/gray8.png outputs=1 ok_outputs=1 bytes=0 decode_ms=<ms> orient_ms=<ms> color_ms=<ms> flatten_ms=<ms> encode_ms=<ms> metawrite_ms=<ms> verdict=Done warnings=0}
[info] [tid] [sched] [scheduler.cpp] file start {index=5 src=tests/golden/base/graya8.png stagger_offset_ms=<ms> stagger_ms=<ms>}
[info] [tid] [sched] [scheduler.cpp] thread alloc {index=5 alloc_files=16 encode_threads=1 active_files=1 sum_encode_threads=1 thread_budget=16}
[info] [tid] [pipeline] [pipeline.cpp] pixel budget acquired {src=tests/golden/base/graya8.png need_bytes=65536 capacity_bytes=<bytes> used_bytes=65536 peak_bytes=131072}
[error] [tid] [encode] [enc_heif.cpp] encode failed {format=avif backend=svt-av1 error="svt-av1 does not support 10-bit with alpha; use backend libaom"}
[error] [tid] [pipeline] [pipeline.cpp] encode failed: svt-av1 does not support 10-bit with alpha; use backend libaom {src=tests/golden/base/graya8.png out=".cache/regression/out-full-avif\\base\\graya8.avif"}
[info] [tid] [pipeline] [pipeline.cpp] output done {src=tests/golden/base/graya8.png out=".cache/regression/out-full-avif\\base\\graya8.avif" format=avif ok=false bytes=0 encode_ms=<ms> metawrite_ms=<ms> warnings=1}
[warning] [tid] [pipeline] [pipeline.cpp] output warning {src=tests/golden/base/graya8.png out=".cache/regression/out-full-avif\\base\\graya8.avif" detail="grayscale source encoded as RGB for format 'avif'"}
[info] [tid] [pipeline] [pipeline.cpp] file done {src=tests/golden/base/graya8.png outputs=1 ok_outputs=0 bytes=0 decode_ms=<ms> orient_ms=<ms> color_ms=<ms> flatten_ms=<ms> encode_ms=<ms> metawrite_ms=<ms> verdict=Failed warnings=0}
[info] [tid] [sched] [scheduler.cpp] file start {index=6 src=tests/golden/base/jxl8.jxl stagger_offset_ms=<ms> stagger_ms=<ms>}
[info] [tid] [sched] [scheduler.cpp] thread alloc {index=6 alloc_files=16 encode_threads=1 active_files=1 sum_encode_threads=1 thread_budget=16}
[info] [tid] [pipeline] [pipeline.cpp] CICP (1,13) → sRGB {src=tests/golden/base/jxl8.jxl}
[info] [tid] [pipeline] [pipeline.cpp] pixel budget acquired {src=tests/golden/base/jxl8.jxl need_bytes=98304 capacity_bytes=<bytes> used_bytes=98304 peak_bytes=131072}
[info] [tid] [pipeline] [pipeline.cpp] output done {src=tests/golden/base/jxl8.jxl out=".cache/regression/out-full-avif\\base\\jxl8.avif" format=avif ok=true bytes=1631 encode_ms=<ms> metawrite_ms=<ms> warnings=0}
[info] [tid] [pipeline] [pipeline.cpp] file done {src=tests/golden/base/jxl8.jxl outputs=1 ok_outputs=1 bytes=0 decode_ms=<ms> orient_ms=<ms> color_ms=<ms> flatten_ms=<ms> encode_ms=<ms> metawrite_ms=<ms> verdict=Done warnings=0}
[info] [tid] [sched] [scheduler.cpp] file start {index=7 src=tests/golden/base/multi.tif stagger_offset_ms=<ms> stagger_ms=<ms>}
[info] [tid] [sched] [scheduler.cpp] thread alloc {index=7 alloc_files=16 encode_threads=1 active_files=1 sum_encode_threads=1 thread_budget=16}
[info] [tid] [pipeline] [pipeline.cpp] pixel budget acquired {src=tests/golden/base/multi.tif need_bytes=98304 capacity_bytes=<bytes> used_bytes=98304 peak_bytes=131072}
[info] [tid] [pipeline] [pipeline.cpp] output done {src=tests/golden/base/multi.tif out=".cache/regression/out-full-avif\\base\\multi.avif" format=avif ok=true bytes=1622 encode_ms=<ms> metawrite_ms=<ms> warnings=1}
[warning] [tid] [pipeline] [pipeline.cpp] output warning {src=tests/golden/base/multi.tif out=".cache/regression/out-full-avif\\base\\multi.avif" detail="multipage or animated input: only the first page was decoded"}
[info] [tid] [pipeline] [pipeline.cpp] file done {src=tests/golden/base/multi.tif outputs=1 ok_outputs=1 bytes=0 decode_ms=<ms> orient_ms=<ms> color_ms=<ms> flatten_ms=<ms> encode_ms=<ms> metawrite_ms=<ms> verdict=Done warnings=0}
[info] [tid] [sched] [scheduler.cpp] file start {index=8 src=tests/golden/base/photo.jpg stagger_offset_ms=<ms> stagger_ms=<ms>}
[info] [tid] [sched] [scheduler.cpp] thread alloc {index=8 alloc_files=16 encode_threads=1 active_files=1 sum_encode_threads=1 thread_budget=16}
[info] [tid] [pipeline] [pipeline.cpp] pixel budget acquired {src=tests/golden/base/photo.jpg need_bytes=98304 capacity_bytes=<bytes> used_bytes=98304 peak_bytes=131072}
[info] [tid] [pipeline] [pipeline.cpp] output done {src=tests/golden/base/photo.jpg out=".cache/regression/out-full-avif\\base\\photo.avif" format=avif ok=true bytes=1114 encode_ms=<ms> metawrite_ms=<ms> warnings=0}
[info] [tid] [pipeline] [pipeline.cpp] file done {src=tests/golden/base/photo.jpg outputs=1 ok_outputs=1 bytes=0 decode_ms=<ms> orient_ms=<ms> color_ms=<ms> flatten_ms=<ms> encode_ms=<ms> metawrite_ms=<ms> verdict=Done warnings=0}
[info] [tid] [sched] [scheduler.cpp] file start {index=9 src=tests/golden/base/rgb16.png stagger_offset_ms=<ms> stagger_ms=<ms>}
[info] [tid] [sched] [scheduler.cpp] thread alloc {index=9 alloc_files=16 encode_threads=1 active_files=1 sum_encode_threads=1 thread_budget=16}
[info] [tid] [pipeline] [pipeline.cpp] pixel budget acquired {src=tests/golden/base/rgb16.png need_bytes=98304 capacity_bytes=<bytes> used_bytes=98304 peak_bytes=131072}
[info] [tid] [pipeline] [pipeline.cpp] output done {src=tests/golden/base/rgb16.png out=".cache/regression/out-full-avif\\base\\rgb16.avif" format=avif ok=true bytes=1114 encode_ms=<ms> metawrite_ms=<ms> warnings=1}
[warning] [tid] [pipeline] [pipeline.cpp] output warning {src=tests/golden/base/rgb16.png out=".cache/regression/out-full-avif\\base\\rgb16.avif" detail="source bit depth 16 -> output bit depth 10"}
[info] [tid] [pipeline] [pipeline.cpp] file done {src=tests/golden/base/rgb16.png outputs=1 ok_outputs=1 bytes=0 decode_ms=<ms> orient_ms=<ms> color_ms=<ms> flatten_ms=<ms> encode_ms=<ms> metawrite_ms=<ms> verdict=Done warnings=0}
[info] [tid] [sched] [scheduler.cpp] file start {index=10 src=tests/golden/base/rgb16.tif stagger_offset_ms=<ms> stagger_ms=<ms>}
[info] [tid] [sched] [scheduler.cpp] thread alloc {index=10 alloc_files=16 encode_threads=1 active_files=1 sum_encode_threads=1 thread_budget=16}
[info] [tid] [pipeline] [pipeline.cpp] pixel budget acquired {src=tests/golden/base/rgb16.tif need_bytes=98304 capacity_bytes=<bytes> used_bytes=98304 peak_bytes=131072}
[info] [tid] [pipeline] [pipeline.cpp] output done {src=tests/golden/base/rgb16.tif out=".cache/regression/out-full-avif\\base\\rgb16.avif" format=avif ok=true bytes=1266 encode_ms=<ms> metawrite_ms=<ms> warnings=1}
[warning] [tid] [pipeline] [pipeline.cpp] output warning {src=tests/golden/base/rgb16.tif out=".cache/regression/out-full-avif\\base\\rgb16.avif" detail="source bit depth 16 -> output bit depth 10"}
[info] [tid] [pipeline] [pipeline.cpp] file done {src=tests/golden/base/rgb16.tif outputs=1 ok_outputs=1 bytes=0 decode_ms=<ms> orient_ms=<ms> color_ms=<ms> flatten_ms=<ms> encode_ms=<ms> metawrite_ms=<ms> verdict=Done warnings=0}
[info] [tid] [sched] [scheduler.cpp] file start {index=11 src=tests/golden/base/rgb8.png stagger_offset_ms=<ms> stagger_ms=<ms>}
[info] [tid] [sched] [scheduler.cpp] thread alloc {index=11 alloc_files=16 encode_threads=1 active_files=1 sum_encode_threads=1 thread_budget=16}
[info] [tid] [pipeline] [pipeline.cpp] pixel budget acquired {src=tests/golden/base/rgb8.png need_bytes=98304 capacity_bytes=<bytes> used_bytes=98304 peak_bytes=131072}
[info] [tid] [pipeline] [pipeline.cpp] output done {src=tests/golden/base/rgb8.png out=".cache/regression/out-full-avif\\base\\rgb8.avif" format=avif ok=true bytes=1114 encode_ms=<ms> metawrite_ms=<ms> warnings=0}
[info] [tid] [pipeline] [pipeline.cpp] file done {src=tests/golden/base/rgb8.png outputs=1 ok_outputs=1 bytes=0 decode_ms=<ms> orient_ms=<ms> color_ms=<ms> flatten_ms=<ms> encode_ms=<ms> metawrite_ms=<ms> verdict=Done warnings=0}
[info] [tid] [sched] [scheduler.cpp] file start {index=12 src=tests/golden/base/rgb8.tif stagger_offset_ms=<ms> stagger_ms=<ms>}
[info] [tid] [sched] [scheduler.cpp] thread alloc {index=12 alloc_files=15 encode_threads=1 active_files=1 sum_encode_threads=1 thread_budget=16}
[info] [tid] [pipeline] [pipeline.cpp] pixel budget acquired {src=tests/golden/base/rgb8.tif need_bytes=98304 capacity_bytes=<bytes> used_bytes=98304 peak_bytes=131072}
[info] [tid] [pipeline] [pipeline.cpp] output done {src=tests/golden/base/rgb8.tif out=".cache/regression/out-full-avif\\base\\rgb8.avif" format=avif ok=true bytes=1266 encode_ms=<ms> metawrite_ms=<ms> warnings=0}
[info] [tid] [pipeline] [pipeline.cpp] file done {src=tests/golden/base/rgb8.tif outputs=1 ok_outputs=1 bytes=0 decode_ms=<ms> orient_ms=<ms> color_ms=<ms> flatten_ms=<ms> encode_ms=<ms> metawrite_ms=<ms> verdict=Done warnings=0}
[info] [tid] [sched] [scheduler.cpp] file start {index=13 src=tests/golden/base/rgba16.png stagger_offset_ms=<ms> stagger_ms=<ms>}
[info] [tid] [sched] [scheduler.cpp] thread alloc {index=13 alloc_files=14 encode_threads=1 active_files=1 sum_encode_threads=1 thread_budget=16}
[info] [tid] [pipeline] [pipeline.cpp] pixel budget acquired {src=tests/golden/base/rgba16.png need_bytes=131072 capacity_bytes=<bytes> used_bytes=131072 peak_bytes=131072}
[error] [tid] [encode] [enc_heif.cpp] encode failed {format=avif backend=svt-av1 error="svt-av1 does not support 10-bit with alpha; use backend libaom"}
[error] [tid] [pipeline] [pipeline.cpp] encode failed: svt-av1 does not support 10-bit with alpha; use backend libaom {src=tests/golden/base/rgba16.png out=".cache/regression/out-full-avif\\base\\rgba16.avif"}
[info] [tid] [pipeline] [pipeline.cpp] output done {src=tests/golden/base/rgba16.png out=".cache/regression/out-full-avif\\base\\rgba16.avif" format=avif ok=false bytes=0 encode_ms=<ms> metawrite_ms=<ms> warnings=1}
[warning] [tid] [pipeline] [pipeline.cpp] output warning {src=tests/golden/base/rgba16.png out=".cache/regression/out-full-avif\\base\\rgba16.avif" detail="source bit depth 16 -> output bit depth 10"}
[info] [tid] [pipeline] [pipeline.cpp] file done {src=tests/golden/base/rgba16.png outputs=1 ok_outputs=0 bytes=0 decode_ms=<ms> orient_ms=<ms> color_ms=<ms> flatten_ms=<ms> encode_ms=<ms> metawrite_ms=<ms> verdict=Failed warnings=0}
[info] [tid] [sched] [scheduler.cpp] file start {index=14 src=tests/golden/base/rgba8.png stagger_offset_ms=<ms> stagger_ms=<ms>}
[info] [tid] [sched] [scheduler.cpp] thread alloc {index=14 alloc_files=13 encode_threads=1 active_files=1 sum_encode_threads=1 thread_budget=16}
[info] [tid] [pipeline] [pipeline.cpp] pixel budget acquired {src=tests/golden/base/rgba8.png need_bytes=131072 capacity_bytes=<bytes> used_bytes=131072 peak_bytes=131072}
[error] [tid] [encode] [enc_heif.cpp] encode failed {format=avif backend=svt-av1 error="svt-av1 does not support 10-bit with alpha; use backend libaom"}
[error] [tid] [pipeline] [pipeline.cpp] encode failed: svt-av1 does not support 10-bit with alpha; use backend libaom {src=tests/golden/base/rgba8.png out=".cache/regression/out-full-avif\\base\\rgba8.avif"}
[info] [tid] [pipeline] [pipeline.cpp] output done {src=tests/golden/base/rgba8.png out=".cache/regression/out-full-avif\\base\\rgba8.avif" format=avif ok=false bytes=0 encode_ms=<ms> metawrite_ms=<ms> warnings=0}
[info] [tid] [pipeline] [pipeline.cpp] file done {src=tests/golden/base/rgba8.png outputs=1 ok_outputs=0 bytes=0 decode_ms=<ms> orient_ms=<ms> color_ms=<ms> flatten_ms=<ms> encode_ms=<ms> metawrite_ms=<ms> verdict=Failed warnings=0}
[info] [tid] [sched] [scheduler.cpp] file start {index=15 src=tests/golden/base/targa.tga stagger_offset_ms=<ms> stagger_ms=<ms>}
[info] [tid] [sched] [scheduler.cpp] thread alloc {index=15 alloc_files=12 encode_threads=1 active_files=1 sum_encode_threads=1 thread_budget=16}
[info] [tid] [pipeline] [pipeline.cpp] pixel budget acquired {src=tests/golden/base/targa.tga need_bytes=98304 capacity_bytes=<bytes> used_bytes=98304 peak_bytes=131072}
[info] [tid] [pipeline] [pipeline.cpp] output done {src=tests/golden/base/targa.tga out=".cache/regression/out-full-avif\\base\\targa.avif" format=avif ok=true bytes=955 encode_ms=<ms> metawrite_ms=<ms> warnings=0}
[info] [tid] [pipeline] [pipeline.cpp] file done {src=tests/golden/base/targa.tga outputs=1 ok_outputs=1 bytes=0 decode_ms=<ms> orient_ms=<ms> color_ms=<ms> flatten_ms=<ms> encode_ms=<ms> metawrite_ms=<ms> verdict=Done warnings=0}
[info] [tid] [sched] [scheduler.cpp] file start {index=16 src=tests/golden/edge/cmyk.tif stagger_offset_ms=<ms> stagger_ms=<ms>}
[info] [tid] [sched] [scheduler.cpp] file start {index=17 src=tests/golden/edge/corrupt_trunc.jpg stagger_offset_ms=<ms> stagger_ms=<ms>}
[info] [tid] [sched] [scheduler.cpp] file start {index=18 src=tests/golden/edge/corrupt_zero.png stagger_offset_ms=<ms> stagger_ms=<ms>}
[info] [tid] [sched] [scheduler.cpp] file start {index=19 src=tests/golden/edge/测试📸unicode.png stagger_offset_ms=<ms> stagger_ms=<ms>}
[info] [tid] [sched] [scheduler.cpp] thread alloc {index=19 alloc_files=8 encode_threads=2 active_files=1 sum_encode_threads=2 thread_budget=16}
[info] [tid] [pipeline] [pipeline.cpp] pixel budget acquired {src=tests/golden/edge/测试📸unicode.png need_bytes=98304 capacity_bytes=<bytes> used_bytes=98304 peak_bytes=131072}
[info] [tid] [pipeline] [pipeline.cpp] output done {src=tests/golden/edge/测试📸unicode.png out=".cache/regression/out-full-avif\\edge\\测试📸unicode.avif" format=avif ok=true bytes=1114 encode_ms=<ms> metawrite_ms=<ms> warnings=0}
[info] [tid] [pipeline] [pipeline.cpp] file done {src=tests/golden/edge/测试📸unicode.png outputs=1 ok_outputs=1 bytes=0 decode_ms=<ms> orient_ms=<ms> color_ms=<ms> flatten_ms=<ms> encode_ms=<ms> metawrite_ms=<ms> verdict=Done warnings=0}
[info] [tid] [sched] [scheduler.cpp] file start {index=20 src=tests/golden/meta/avif_exif.avif stagger_offset_ms=<ms> stagger_ms=<ms>}
[info] [tid] [sched] [scheduler.cpp] thread alloc {index=20 alloc_files=7 encode_threads=2 active_files=1 sum_encode_threads=2 thread_budget=16}
[info] [tid] [pipeline] [pipeline.cpp] pixel budget acquired {src=tests/golden/meta/avif_exif.avif need_bytes=98304 capacity_bytes=<bytes> used_bytes=98304 peak_bytes=131072}
[info] [tid] [pipeline] [pipeline.cpp] output done {src=tests/golden/meta/avif_exif.avif out=".cache/regression/out-full-avif\\meta\\avif_exif.avif" format=avif ok=true bytes=588 encode_ms=<ms> metawrite_ms=<ms> warnings=0}
[info] [tid] [pipeline] [pipeline.cpp] file done {src=tests/golden/meta/avif_exif.avif outputs=1 ok_outputs=1 bytes=0 decode_ms=<ms> orient_ms=<ms> color_ms=<ms> flatten_ms=<ms> encode_ms=<ms> metawrite_ms=<ms> verdict=Done warnings=0}
[info] [tid] [sched] [scheduler.cpp] file start {index=21 src=tests/golden/meta/cmyk.tif stagger_offset_ms=<ms> stagger_ms=<ms>}
[info] [tid] [sched] [scheduler.cpp] file start {index=22 src=tests/golden/meta/exif_full.jpg stagger_offset_ms=<ms> stagger_ms=<ms>}
[info] [tid] [sched] [scheduler.cpp] thread alloc {index=22 alloc_files=5 encode_threads=3 active_files=1 sum_encode_threads=3 thread_budget=16}
[info] [tid] [pipeline] [pipeline.cpp] pixel budget acquired {src=tests/golden/meta/exif_full.jpg need_bytes=98304 capacity_bytes=<bytes> used_bytes=98304 peak_bytes=131072}
[info] [tid] [pipeline] [pipeline.cpp] output done {src=tests/golden/meta/exif_full.jpg out=".cache/regression/out-full-avif\\meta\\exif_full.avif" format=avif ok=true bytes=589 encode_ms=<ms> metawrite_ms=<ms> warnings=0}
[info] [tid] [pipeline] [pipeline.cpp] file done {src=tests/golden/meta/exif_full.jpg outputs=1 ok_outputs=1 bytes=0 decode_ms=<ms> orient_ms=<ms> color_ms=<ms> flatten_ms=<ms> encode_ms=<ms> metawrite_ms=<ms> verdict=Done warnings=0}
[info] [tid] [sched] [scheduler.cpp] file start {index=23 src=tests/golden/meta/heif_exif.heic stagger_offset_ms=<ms> stagger_ms=<ms>}
[info] [tid] [sched] [scheduler.cpp] thread alloc {index=23 alloc_files=4 encode_threads=4 active_files=1 sum_encode_threads=4 thread_budget=16}
[info] [tid] [pipeline] [pipeline.cpp] pixel budget acquired {src=tests/golden/meta/heif_exif.heic need_bytes=98304 capacity_bytes=<bytes> used_bytes=98304 peak_bytes=131072}
[info] [tid] [pipeline] [pipeline.cpp] output done {src=tests/golden/meta/heif_exif.heic out=".cache/regression/out-full-avif\\meta\\heif_exif.avif" format=avif ok=true bytes=588 encode_ms=<ms> metawrite_ms=<ms> warnings=0}
[info] [tid] [pipeline] [pipeline.cpp] file done {src=tests/golden/meta/heif_exif.heic outputs=1 ok_outputs=1 bytes=0 decode_ms=<ms> orient_ms=<ms> color_ms=<ms> flatten_ms=<ms> encode_ms=<ms> metawrite_ms=<ms> verdict=Done warnings=0}
[info] [tid] [sched] [scheduler.cpp] file start {index=24 src=tests/golden/meta/jxl_exif.jxl stagger_offset_ms=<ms> stagger_ms=<ms>}
[info] [tid] [sched] [scheduler.cpp] thread alloc {index=24 alloc_files=3 encode_threads=5 active_files=1 sum_encode_threads=5 thread_budget=16}
[info] [tid] [pipeline] [pipeline.cpp] CICP (1,13) → sRGB {src=tests/golden/meta/jxl_exif.jxl}
[info] [tid] [pipeline] [pipeline.cpp] pixel budget acquired {src=tests/golden/meta/jxl_exif.jxl need_bytes=98304 capacity_bytes=<bytes> used_bytes=98304 peak_bytes=131072}
[info] [tid] [pipeline] [pipeline.cpp] output done {src=tests/golden/meta/jxl_exif.jxl out=".cache/regression/out-full-avif\\meta\\jxl_exif.avif" format=avif ok=true bytes=3842 encode_ms=<ms> metawrite_ms=<ms> warnings=0}
[info] [tid] [pipeline] [pipeline.cpp] file done {src=tests/golden/meta/jxl_exif.jxl outputs=1 ok_outputs=1 bytes=0 decode_ms=<ms> orient_ms=<ms> color_ms=<ms> flatten_ms=<ms> encode_ms=<ms> metawrite_ms=<ms> verdict=Done warnings=0}
[info] [tid] [sched] [scheduler.cpp] file start {index=25 src=tests/golden/meta/webp_lossless.webp stagger_offset_ms=<ms> stagger_ms=<ms>}
[info] [tid] [sched] [scheduler.cpp] thread alloc {index=25 alloc_files=2 encode_threads=8 active_files=1 sum_encode_threads=8 thread_budget=16}
[info] [tid] [pipeline] [pipeline.cpp] pixel budget acquired {src=tests/golden/meta/webp_lossless.webp need_bytes=98304 capacity_bytes=<bytes> used_bytes=98304 peak_bytes=131072}
[info] [tid] [pipeline] [pipeline.cpp] output done {src=tests/golden/meta/webp_lossless.webp out=".cache/regression/out-full-avif\\meta\\webp_lossless.avif" format=avif ok=true bytes=318 encode_ms=<ms> metawrite_ms=<ms> warnings=0}
[info] [tid] [pipeline] [pipeline.cpp] file done {src=tests/golden/meta/webp_lossless.webp outputs=1 ok_outputs=1 bytes=0 decode_ms=<ms> orient_ms=<ms> color_ms=<ms> flatten_ms=<ms> encode_ms=<ms> metawrite_ms=<ms> verdict=Done warnings=0}
[info] [tid] [sched] [scheduler.cpp] file start {index=26 src=tests/golden/meta/webp_lossy.webp stagger_offset_ms=<ms> stagger_ms=<ms>}
[info] [tid] [sched] [scheduler.cpp] thread alloc {index=26 alloc_files=1 encode_threads=16 active_files=1 sum_encode_threads=16 thread_budget=16}
[info] [tid] [pipeline] [pipeline.cpp] pixel budget acquired {src=tests/golden/meta/webp_lossy.webp need_bytes=98304 capacity_bytes=<bytes> used_bytes=98304 peak_bytes=131072}
[info] [tid] [pipeline] [pipeline.cpp] output done {src=tests/golden/meta/webp_lossy.webp out=".cache/regression/out-full-avif\\meta\\webp_lossy.avif" format=avif ok=true bytes=319 encode_ms=<ms> metawrite_ms=<ms> warnings=0}
[info] [tid] [pipeline] [pipeline.cpp] file done {src=tests/golden/meta/webp_lossy.webp outputs=1 ok_outputs=1 bytes=0 decode_ms=<ms> orient_ms=<ms> color_ms=<ms> flatten_ms=<ms> encode_ms=<ms> metawrite_ms=<ms> verdict=Done warnings=0}
[info] [tid] [scheduler] [scheduler.cpp] e3 report {thread_budget=16 stagger_ms=<ms> peak_active_files=1 peak_sum_encode_threads=16 active_files_end=0 files_done=27}
[info] [tid] [run] [main.cpp] run summary {files=27 ok=19 failed=8 skipped=0 cancelled=0 bytes=23680 total_ms=<ms> throughput_mb_s=<val> avg_file_ms=<ms>}
Svt[info]: -------------------------------------------
Svt[info]: SVT [version]:	SVT-AV1 Encoder Lib v4.2.0
Svt[info]: SVT [build]  :	Visual Studio 2026 64 bit
Svt[info]: -------------------------------------------
Svt[warn]: Preset M12 is mapped to M9.
Svt[warn]: Screen-content detection and tools are disabled for all-intra coding at M8 and above; forcing NSC path
Svt[warn]: If you are using tiles with the intent of increasing the decoder speed, please also consider using --fast-decode 1 or 2, especially if the intended decoder is running with limited multi-threading capabilities.
Svt[warn]: TPL is disabled for all-intra coding
Svt[info]: Level of Parallelism: 1
Svt[info]: Number of PPCS 4
Svt[info]: [asm level on system : up to avx2]
Svt[info]: [asm level selected : up to avx2]
Svt[info]: -------------------------------------------
Svt[info]: SVT [config]: main profile	tier (auto)	level (auto)
Svt[info]: SVT [config]: width / height / fps numerator / fps denominator 		: 64 / 64 / 1 / 25
Svt[info]: SVT [config]: bit-depth / color format 					: 10 / YUV420
Svt[info]: SVT [config]: preset / tune / pred struct 					: 9 / PSNR / all intra
Svt[info]: SVT [config]: gop size / mini-gop size / key-frame type 			: 1 / 4 / key frame
Svt[info]: SVT [config]: BRC mode / CQP Assignment 					: CQP / 31.50 
Svt[info]: SVT [config]: AQ mode / Variance Boost 					: 2 / 0
Svt[info]: SVT [config]: sharpness / luminance-based QP bias 				: 0 / 0
Svt[info]: SVT [config]: QP scale compress strength 					: 0
Svt[info]: -------------------------------------------
photopipeline --dev
  format=avif backend=(first) tech=(first) lossless=false bitdepth=10 color=keep conflict=overwrite
  out=.cache/regression/out-full-avif workers=1 files=27 metadata_only=false params=[]
Svt[info]: -------------------------------------------
Svt[info]: SVT [version]:	SVT-AV1 Encoder Lib v4.2.0
Svt[info]: SVT [build]  :	Visual Studio 2026 64 bit
Svt[info]: -------------------------------------------
Svt[warn]: Preset M12 is mapped to M9.
Svt[warn]: Screen-content detection and tools are disabled for all-intra coding at M8 and above; forcing NSC path
Svt[warn]: If you are using tiles with the intent of increasing the decoder speed, please also consider using --fast-decode 1 or 2, especially if the intended decoder is running with limited multi-threading capabilities.
Svt[warn]: TPL is disabled for all-intra coding
Svt[info]: Level of Parallelism: 1
Svt[info]: Number of PPCS 4
Svt[info]: [asm level on system : up to avx2]
Svt[info]: [asm level selected : up to avx2]
Svt[info]: -------------------------------------------
Svt[info]: SVT [config]: main profile	tier (auto)	level (auto)
Svt[info]: SVT [config]: width / height / fps numerator / fps denominator 		: 64 / 64 / 1 / 25
Svt[info]: SVT [config]: bit-depth / color format 					: 10 / YUV420
Svt[info]: SVT [config]: preset / tune / pred struct 					: 9 / PSNR / all intra
Svt[info]: SVT [config]: gop size / mini-gop size / key-frame type 			: 1 / 4 / key frame
Svt[info]: SVT [config]: BRC mode / CQP Assignment 					: CQP / 31.50 
Svt[info]: SVT [config]: AQ mode / Variance Boost 					: 2 / 0
Svt[info]: SVT [config]: sharpness / luminance-based QP bias 				: 0 / 0
Svt[info]: SVT [config]: QP scale compress strength 					: 0
Svt[info]: -------------------------------------------
Svt[info]: -------------------------------------------
Svt[info]: SVT [version]:	SVT-AV1 Encoder Lib v4.2.0
Svt[info]: SVT [build]  :	Visual Studio 2026 64 bit
Svt[info]: -------------------------------------------
Svt[warn]: Preset M12 is mapped to M9.
Svt[warn]: Screen-content detection and tools are disabled for all-intra coding at M8 and above; forcing NSC path
Svt[warn]: If you are using tiles with the intent of increasing the decoder speed, please also consider using --fast-decode 1 or 2, especially if the intended decoder is running with limited multi-threading capabilities.
Svt[warn]: TPL is disabled for all-intra coding
Svt[info]: Level of Parallelism: 1
Svt[info]: Number of PPCS 4
Svt[info]: [asm level on system : up to avx2]
Svt[info]: [asm level selected : up to avx2]
Svt[info]: -------------------------------------------
Svt[info]: SVT [config]: main profile	tier (auto)	level (auto)
Svt[info]: SVT [config]: width / height / fps numerator / fps denominator 		: 64 / 64 / 1 / 25
Svt[info]: SVT [config]: bit-depth / color format 					: 10 / YUV420
Svt[info]: SVT [config]: preset / tune / pred struct 					: 9 / PSNR / all intra
Svt[info]: SVT [config]: gop size / mini-gop size / key-frame type 			: 1 / 4 / key frame
Svt[info]: SVT [config]: BRC mode / CQP Assignment 					: CQP / 31.50 
Svt[info]: SVT [config]: AQ mode / Variance Boost 					: 2 / 0
Svt[info]: SVT [config]: sharpness / luminance-based QP bias 				: 0 / 0
Svt[info]: SVT [config]: QP scale compress strength 					: 0
Svt[info]: -------------------------------------------
Svt[info]: -------------------------------------------
Svt[info]: SVT [version]:	SVT-AV1 Encoder Lib v4.2.0
Svt[info]: SVT [build]  :	Visual Studio 2026 64 bit
Svt[info]: -------------------------------------------
Svt[warn]: Preset M12 is mapped to M9.
Svt[warn]: Screen-content detection and tools are disabled for all-intra coding at M8 and above; forcing NSC path
Svt[warn]: If you are using tiles with the intent of increasing the decoder speed, please also consider using --fast-decode 1 or 2, especially if the intended decoder is running with limited multi-threading capabilities.
Svt[warn]: TPL is disabled for all-intra coding
Svt[info]: Level of Parallelism: 1
Svt[info]: Number of PPCS 4
Svt[info]: [asm level on system : up to avx2]
Svt[info]: [asm level selected : up to avx2]
Svt[info]: -------------------------------------------
Svt[info]: SVT [config]: main profile	tier (auto)	level (auto)
Svt[info]: SVT [config]: width / height / fps numerator / fps denominator 		: 64 / 64 / 1 / 25
Svt[info]: SVT [config]: bit-depth / color format 					: 10 / YUV420
Svt[info]: SVT [config]: preset / tune / pred struct 					: 9 / PSNR / all intra
Svt[info]: SVT [config]: gop size / mini-gop size / key-frame type 			: 1 / 4 / key frame
Svt[info]: SVT [config]: BRC mode / CQP Assignment 					: CQP / 31.50 
Svt[info]: SVT [config]: AQ mode / Variance Boost 					: 2 / 0
Svt[info]: SVT [config]: sharpness / luminance-based QP bias 				: 0 / 0
Svt[info]: SVT [config]: QP scale compress strength 					: 0
Svt[info]: -------------------------------------------
Svt[info]: -------------------------------------------
Svt[info]: SVT [version]:	SVT-AV1 Encoder Lib v4.2.0
Svt[info]: SVT [build]  :	Visual Studio 2026 64 bit
Svt[info]: -------------------------------------------
Svt[warn]: Preset M12 is mapped to M9.
Svt[warn]: Screen-content detection and tools are disabled for all-intra coding at M8 and above; forcing NSC path
Svt[warn]: If you are using tiles with the intent of increasing the decoder speed, please also consider using --fast-decode 1 or 2, especially if the intended decoder is running with limited multi-threading capabilities.
Svt[warn]: TPL is disabled for all-intra coding
Svt[info]: Level of Parallelism: 1
Svt[info]: Number of PPCS 4
Svt[info]: [asm level on system : up to avx2]
Svt[info]: [asm level selected : up to avx2]
Svt[info]: -------------------------------------------
Svt[info]: SVT [config]: main profile	tier (auto)	level (auto)
Svt[info]: SVT [config]: width / height / fps numerator / fps denominator 		: 64 / 64 / 1 / 25
Svt[info]: SVT [config]: bit-depth / color format 					: 10 / YUV420
Svt[info]: SVT [config]: preset / tune / pred struct 					: 9 / PSNR / all intra
Svt[info]: SVT [config]: gop size / mini-gop size / key-frame type 			: 1 / 4 / key frame
Svt[info]: SVT [config]: BRC mode / CQP Assignment 					: CQP / 31.50 
Svt[info]: SVT [config]: AQ mode / Variance Boost 					: 2 / 0
Svt[info]: SVT [config]: sharpness / luminance-based QP bias 				: 0 / 0
Svt[info]: SVT [config]: QP scale compress strength 					: 0
Svt[info]: -------------------------------------------
Svt[info]: -------------------------------------------
Svt[info]: SVT [version]:	SVT-AV1 Encoder Lib v4.2.0
Svt[info]: SVT [build]  :	Visual Studio 2026 64 bit
Svt[info]: -------------------------------------------
Svt[warn]: Preset M12 is mapped to M9.
Svt[warn]: Screen-content detection and tools are disabled for all-intra coding at M8 and above; forcing NSC path
Svt[warn]: If you are using tiles with the intent of increasing the decoder speed, please also consider using --fast-decode 1 or 2, especially if the intended decoder is running with limited multi-threading capabilities.
Svt[warn]: TPL is disabled for all-intra coding
Svt[info]: Level of Parallelism: 1
Svt[info]: Number of PPCS 4
Svt[info]: [asm level on system : up to avx2]
Svt[info]: [asm level selected : up to avx2]
Svt[info]: -------------------------------------------
Svt[info]: SVT [config]: main profile	tier (auto)	level (auto)
Svt[info]: SVT [config]: width / height / fps numerator / fps denominator 		: 64 / 64 / 1 / 25
Svt[info]: SVT [config]: bit-depth / color format 					: 10 / YUV420
Svt[info]: SVT [config]: preset / tune / pred struct 					: 9 / PSNR / all intra
Svt[info]: SVT [config]: gop size / mini-gop size / key-frame type 			: 1 / 4 / key frame
Svt[info]: SVT [config]: BRC mode / CQP Assignment 					: CQP / 31.50 
Svt[info]: SVT [config]: AQ mode / Variance Boost 					: 2 / 0
Svt[info]: SVT [config]: sharpness / luminance-based QP bias 				: 0 / 0
Svt[info]: SVT [config]: QP scale compress strength 					: 0
Svt[info]: -------------------------------------------
Svt[info]: -------------------------------------------
Svt[info]: SVT [version]:	SVT-AV1 Encoder Lib v4.2.0
Svt[info]: SVT [build]  :	Visual Studio 2026 64 bit
Svt[info]: -------------------------------------------
Svt[warn]: Preset M12 is mapped to M9.
Svt[warn]: Screen-content detection and tools are disabled for all-intra coding at M8 and above; forcing NSC path
Svt[warn]: If you are using tiles with the intent of increasing the decoder speed, please also consider using --fast-decode 1 or 2, especially if the intended decoder is running with limited multi-threading capabilities.
Svt[warn]: TPL is disabled for all-intra coding
Svt[info]: Level of Parallelism: 1
Svt[info]: Number of PPCS 4
Svt[info]: [asm level on system : up to avx2]
Svt[info]: [asm level selected : up to avx2]
Svt[info]: -------------------------------------------
Svt[info]: SVT [config]: main profile	tier (auto)	level (auto)
Svt[info]: SVT [config]: width / height / fps numerator / fps denominator 		: 64 / 64 / 1 / 25
Svt[info]: SVT [config]: bit-depth / color format 					: 10 / YUV420
Svt[info]: SVT [config]: preset / tune / pred struct 					: 9 / PSNR / all intra
Svt[info]: SVT [config]: gop size / mini-gop size / key-frame type 			: 1 / 4 / key frame
Svt[info]: SVT [config]: BRC mode / CQP Assignment 					: CQP / 31.50 
Svt[info]: SVT [config]: AQ mode / Variance Boost 					: 2 / 0
Svt[info]: SVT [config]: sharpness / luminance-based QP bias 				: 0 / 0
Svt[info]: SVT [config]: QP scale compress strength 					: 0
Svt[info]: -------------------------------------------
Svt[info]: -------------------------------------------
Svt[info]: SVT [version]:	SVT-AV1 Encoder Lib v4.2.0
Svt[info]: SVT [build]  :	Visual Studio 2026 64 bit
Svt[info]: -------------------------------------------
Svt[warn]: Preset M12 is mapped to M9.
Svt[warn]: Screen-content detection and tools are disabled for all-intra coding at M8 and above; forcing NSC path
Svt[warn]: If you are using tiles with the intent of increasing the decoder speed, please also consider using --fast-decode 1 or 2, especially if the intended decoder is running with limited multi-threading capabilities.
Svt[warn]: TPL is disabled for all-intra coding
Svt[info]: Level of Parallelism: 1
Svt[info]: Number of PPCS 4
Svt[info]: [asm level on system : up to avx2]
Svt[info]: [asm level selected : up to avx2]
Svt[info]: -------------------------------------------
Svt[info]: SVT [config]: main profile	tier (auto)	level (auto)
Svt[info]: SVT [config]: width / height / fps numerator / fps denominator 		: 64 / 64 / 1 / 25
Svt[info]: SVT [config]: bit-depth / color format 					: 10 / YUV420
Svt[info]: SVT [config]: preset / tune / pred struct 					: 9 / PSNR / all intra
Svt[info]: SVT [config]: gop size / mini-gop size / key-frame type 			: 1 / 4 / key frame
Svt[info]: SVT [config]: BRC mode / CQP Assignment 					: CQP / 31.50 
Svt[info]: SVT [config]: AQ mode / Variance Boost 					: 2 / 0
Svt[info]: SVT [config]: sharpness / luminance-based QP bias 				: 0 / 0
Svt[info]: SVT [config]: QP scale compress strength 					: 0
Svt[info]: -------------------------------------------
Svt[info]: -------------------------------------------
Svt[info]: SVT [version]:	SVT-AV1 Encoder Lib v4.2.0
Svt[info]: SVT [build]  :	Visual Studio 2026 64 bit
Svt[info]: -------------------------------------------
Svt[warn]: Preset M12 is mapped to M9.
Svt[warn]: Screen-content detection and tools are disabled for all-intra coding at M8 and above; forcing NSC path
Svt[warn]: If you are using tiles with the intent of increasing the decoder speed, please also consider using --fast-decode 1 or 2, especially if the intended decoder is running with limited multi-threading capabilities.
Svt[warn]: TPL is disabled for all-intra coding
Svt[info]: Level of Parallelism: 1
Svt[info]: Number of PPCS 4
Svt[info]: [asm level on system : up to avx2]
Svt[info]: [asm level selected : up to avx2]
Svt[info]: -------------------------------------------
Svt[info]: SVT [config]: main profile	tier (auto)	level (auto)
Svt[info]: SVT [config]: width / height / fps numerator / fps denominator 		: 64 / 64 / 1 / 25
Svt[info]: SVT [config]: bit-depth / color format 					: 10 / YUV420
Svt[info]: SVT [config]: preset / tune / pred struct 					: 9 / PSNR / all intra
Svt[info]: SVT [config]: gop size / mini-gop size / key-frame type 			: 1 / 4 / key frame
Svt[info]: SVT [config]: BRC mode / CQP Assignment 					: CQP / 31.50 
Svt[info]: SVT [config]: AQ mode / Variance Boost 					: 2 / 0
Svt[info]: SVT [config]: sharpness / luminance-based QP bias 				: 0 / 0
Svt[info]: SVT [config]: QP scale compress strength 					: 0
Svt[info]: -------------------------------------------
Svt[info]: -------------------------------------------
Svt[info]: SVT [version]:	SVT-AV1 Encoder Lib v4.2.0
Svt[info]: SVT [build]  :	Visual Studio 2026 64 bit
Svt[info]: -------------------------------------------
Svt[warn]: Preset M12 is mapped to M9.
Svt[warn]: Screen-content detection and tools are disabled for all-intra coding at M8 and above; forcing NSC path
Svt[warn]: If you are using tiles with the intent of increasing the decoder speed, please also consider using --fast-decode 1 or 2, especially if the intended decoder is running with limited multi-threading capabilities.
Svt[warn]: TPL is disabled for all-intra coding
Svt[info]: Level of Parallelism: 1
Svt[info]: Number of PPCS 4
Svt[info]: [asm level on system : up to avx2]
Svt[info]: [asm level selected : up to avx2]
Svt[info]: -------------------------------------------
Svt[info]: SVT [config]: main profile	tier (auto)	level (auto)
Svt[info]: SVT [config]: width / height / fps numerator / fps denominator 		: 64 / 64 / 1 / 25
Svt[info]: SVT [config]: bit-depth / color format 					: 10 / YUV420
Svt[info]: SVT [config]: preset / tune / pred struct 					: 9 / PSNR / all intra
Svt[info]: SVT [config]: gop size / mini-gop size / key-frame type 			: 1 / 4 / key frame
Svt[info]: SVT [config]: BRC mode / CQP Assignment 					: CQP / 31.50 
Svt[info]: SVT [config]: AQ mode / Variance Boost 					: 2 / 0
Svt[info]: SVT [config]: sharpness / luminance-based QP bias 				: 0 / 0
Svt[info]: SVT [config]: QP scale compress strength 					: 0
Svt[info]: -------------------------------------------
Svt[info]: -------------------------------------------
Svt[info]: SVT [version]:	SVT-AV1 Encoder Lib v4.2.0
Svt[info]: SVT [build]  :	Visual Studio 2026 64 bit
Svt[info]: -------------------------------------------
Svt[warn]: Preset M12 is mapped to M9.
Svt[warn]: Screen-content detection and tools are disabled for all-intra coding at M8 and above; forcing NSC path
Svt[warn]: If you are using tiles with the intent of increasing the decoder speed, please also consider using --fast-decode 1 or 2, especially if the intended decoder is running with limited multi-threading capabilities.
Svt[warn]: TPL is disabled for all-intra coding
Svt[info]: Level of Parallelism: 1
Svt[info]: Number of PPCS 4
Svt[info]: [asm level on system : up to avx2]
Svt[info]: [asm level selected : up to avx2]
Svt[info]: -------------------------------------------
Svt[info]: SVT [config]: main profile	tier (auto)	level (auto)
Svt[info]: SVT [config]: width / height / fps numerator / fps denominator 		: 64 / 64 / 1 / 25
Svt[info]: SVT [config]: bit-depth / color format 					: 10 / YUV420
Svt[info]: SVT [config]: preset / tune / pred struct 					: 9 / PSNR / all intra
Svt[info]: SVT [config]: gop size / mini-gop size / key-frame type 			: 1 / 4 / key frame
Svt[info]: SVT [config]: BRC mode / CQP Assignment 					: CQP / 31.50 
Svt[info]: SVT [config]: AQ mode / Variance Boost 					: 2 / 0
Svt[info]: SVT [config]: sharpness / luminance-based QP bias 				: 0 / 0
Svt[info]: SVT [config]: QP scale compress strength 					: 0
Svt[info]: -------------------------------------------
Svt[info]: -------------------------------------------
Svt[info]: SVT [version]:	SVT-AV1 Encoder Lib v4.2.0
Svt[info]: SVT [build]  :	Visual Studio 2026 64 bit
Svt[info]: -------------------------------------------
Svt[warn]: Preset M12 is mapped to M9.
Svt[warn]: Screen-content detection and tools are disabled for all-intra coding at M8 and above; forcing NSC path
Svt[warn]: If you are using tiles with the intent of increasing the decoder speed, please also consider using --fast-decode 1 or 2, especially if the intended decoder is running with limited multi-threading capabilities.
Svt[warn]: TPL is disabled for all-intra coding
Svt[info]: Level of Parallelism: 1
Svt[info]: Number of PPCS 4
Svt[info]: [asm level on system : up to avx2]
Svt[info]: [asm level selected : up to avx2]
Svt[info]: -------------------------------------------
Svt[info]: SVT [config]: main profile	tier (auto)	level (auto)
Svt[info]: SVT [config]: width / height / fps numerator / fps denominator 		: 64 / 64 / 1 / 25
Svt[info]: SVT [config]: bit-depth / color format 					: 10 / YUV420
Svt[info]: SVT [config]: preset / tune / pred struct 					: 9 / PSNR / all intra
Svt[info]: SVT [config]: gop size / mini-gop size / key-frame type 			: 1 / 4 / key frame
Svt[info]: SVT [config]: BRC mode / CQP Assignment 					: CQP / 31.50 
Svt[info]: SVT [config]: AQ mode / Variance Boost 					: 2 / 0
Svt[info]: SVT [config]: sharpness / luminance-based QP bias 				: 0 / 0
Svt[info]: SVT [config]: QP scale compress strength 					: 0
Svt[info]: -------------------------------------------
Svt[info]: -------------------------------------------
Svt[info]: SVT [version]:	SVT-AV1 Encoder Lib v4.2.0
Svt[info]: SVT [build]  :	Visual Studio 2026 64 bit
Svt[info]: -------------------------------------------
Svt[warn]: Preset M12 is mapped to M9.
Svt[warn]: Screen-content detection and tools are disabled for all-intra coding at M8 and above; forcing NSC path
Svt[warn]: If you are using tiles with the intent of increasing the decoder speed, please also consider using --fast-decode 1 or 2, especially if the intended decoder is running with limited multi-threading capabilities.
Svt[warn]: TPL is disabled for all-intra coding
Svt[info]: Level of Parallelism: 2
Svt[info]: Number of PPCS 4
Svt[info]: [asm level on system : up to avx2]
Svt[info]: [asm level selected : up to avx2]
Svt[info]: -------------------------------------------
Svt[info]: SVT [config]: main profile	tier (auto)	level (auto)
Svt[info]: SVT [config]: width / height / fps numerator / fps denominator 		: 64 / 64 / 1 / 25
Svt[info]: SVT [config]: bit-depth / color format 					: 10 / YUV420
Svt[info]: SVT [config]: preset / tune / pred struct 					: 9 / PSNR / all intra
Svt[info]: SVT [config]: gop size / mini-gop size / key-frame type 			: 1 / 4 / key frame
Svt[info]: SVT [config]: BRC mode / CQP Assignment 					: CQP / 31.50 
Svt[info]: SVT [config]: AQ mode / Variance Boost 					: 2 / 0
Svt[info]: SVT [config]: sharpness / luminance-based QP bias 				: 0 / 0
Svt[info]: SVT [config]: QP scale compress strength 					: 0
Svt[info]: -------------------------------------------
Svt[info]: -------------------------------------------
Svt[info]: SVT [version]:	SVT-AV1 Encoder Lib v4.2.0
Svt[info]: SVT [build]  :	Visual Studio 2026 64 bit
Svt[info]: -------------------------------------------
Svt[warn]: Preset M12 is mapped to M9.
Svt[warn]: Screen-content detection and tools are disabled for all-intra coding at M8 and above; forcing NSC path
Svt[warn]: If you are using tiles with the intent of increasing the decoder speed, please also consider using --fast-decode 1 or 2, especially if the intended decoder is running with limited multi-threading capabilities.
Svt[warn]: TPL is disabled for all-intra coding
Svt[info]: Level of Parallelism: 2
Svt[info]: Number of PPCS 4
Svt[info]: [asm level on system : up to avx2]
Svt[info]: [asm level selected : up to avx2]
Svt[info]: -------------------------------------------
Svt[info]: SVT [config]: main profile	tier (auto)	level (auto)
Svt[info]: SVT [config]: width / height / fps numerator / fps denominator 		: 64 / 64 / 1 / 25
Svt[info]: SVT [config]: bit-depth / color format 					: 10 / YUV420
Svt[info]: SVT [config]: preset / tune / pred struct 					: 9 / PSNR / all intra
Svt[info]: SVT [config]: gop size / mini-gop size / key-frame type 			: 1 / 4 / key frame
Svt[info]: SVT [config]: BRC mode / CQP Assignment 					: CQP / 31.50 
Svt[info]: SVT [config]: AQ mode / Variance Boost 					: 2 / 0
Svt[info]: SVT [config]: sharpness / luminance-based QP bias 				: 0 / 0
Svt[info]: SVT [config]: QP scale compress strength 					: 0
Svt[info]: -------------------------------------------
Svt[info]: -------------------------------------------
Svt[info]: SVT [version]:	SVT-AV1 Encoder Lib v4.2.0
Svt[info]: SVT [build]  :	Visual Studio 2026 64 bit
Svt[info]: -------------------------------------------
Svt[warn]: Preset M12 is mapped to M9.
Svt[warn]: Screen-content detection and tools are disabled for all-intra coding at M8 and above; forcing NSC path
Svt[warn]: If you are using tiles with the intent of increasing the decoder speed, please also consider using --fast-decode 1 or 2, especially if the intended decoder is running with limited multi-threading capabilities.
Svt[warn]: TPL is disabled for all-intra coding
Svt[info]: Level of Parallelism: 3
Svt[info]: Number of PPCS 4
Svt[info]: [asm level on system : up to avx2]
Svt[info]: [asm level selected : up to avx2]
Svt[info]: -------------------------------------------
Svt[info]: SVT [config]: main profile	tier (auto)	level (auto)
Svt[info]: SVT [config]: width / height / fps numerator / fps denominator 		: 64 / 64 / 1 / 25
Svt[info]: SVT [config]: bit-depth / color format 					: 10 / YUV420
Svt[info]: SVT [config]: preset / tune / pred struct 					: 9 / PSNR / all intra
Svt[info]: SVT [config]: gop size / mini-gop size / key-frame type 			: 1 / 4 / key frame
Svt[info]: SVT [config]: BRC mode / CQP Assignment 					: CQP / 31.50 
Svt[info]: SVT [config]: AQ mode / Variance Boost 					: 2 / 0
Svt[info]: SVT [config]: sharpness / luminance-based QP bias 				: 0 / 0
Svt[info]: SVT [config]: QP scale compress strength 					: 0
Svt[info]: -------------------------------------------
Svt[info]: -------------------------------------------
Svt[info]: SVT [version]:	SVT-AV1 Encoder Lib v4.2.0
Svt[info]: SVT [build]  :	Visual Studio 2026 64 bit
Svt[info]: -------------------------------------------
Svt[warn]: Preset M12 is mapped to M9.
Svt[warn]: Screen-content detection and tools are disabled for all-intra coding at M8 and above; forcing NSC path
Svt[warn]: If you are using tiles with the intent of increasing the decoder speed, please also consider using --fast-decode 1 or 2, especially if the intended decoder is running with limited multi-threading capabilities.
Svt[warn]: TPL is disabled for all-intra coding
Svt[info]: Level of Parallelism: 4
Svt[info]: Number of PPCS 4
Svt[info]: [asm level on system : up to avx2]
Svt[info]: [asm level selected : up to avx2]
Svt[info]: -------------------------------------------
Svt[info]: SVT [config]: main profile	tier (auto)	level (auto)
Svt[info]: SVT [config]: width / height / fps numerator / fps denominator 		: 64 / 64 / 1 / 25
Svt[info]: SVT [config]: bit-depth / color format 					: 10 / YUV420
Svt[info]: SVT [config]: preset / tune / pred struct 					: 9 / PSNR / all intra
Svt[info]: SVT [config]: gop size / mini-gop size / key-frame type 			: 1 / 4 / key frame
Svt[info]: SVT [config]: BRC mode / CQP Assignment 					: CQP / 31.50 
Svt[info]: SVT [config]: AQ mode / Variance Boost 					: 2 / 0
Svt[info]: SVT [config]: sharpness / luminance-based QP bias 				: 0 / 0
Svt[info]: SVT [config]: QP scale compress strength 					: 0
Svt[info]: -------------------------------------------
Svt[info]: -------------------------------------------
Svt[info]: SVT [version]:	SVT-AV1 Encoder Lib v4.2.0
Svt[info]: SVT [build]  :	Visual Studio 2026 64 bit
Svt[info]: -------------------------------------------
Svt[warn]: Preset M12 is mapped to M9.
Svt[warn]: Screen-content detection and tools are disabled for all-intra coding at M8 and above; forcing NSC path
Svt[warn]: If you are using tiles with the intent of increasing the decoder speed, please also consider using --fast-decode 1 or 2, especially if the intended decoder is running with limited multi-threading capabilities.
Svt[warn]: TPL is disabled for all-intra coding
Svt[info]: Level of Parallelism: 5
Svt[info]: Number of PPCS 4
Svt[info]: [asm level on system : up to avx2]
Svt[info]: [asm level selected : up to avx2]
Svt[info]: -------------------------------------------
Svt[info]: SVT [config]: main profile	tier (auto)	level (auto)
Svt[info]: SVT [config]: width / height / fps numerator / fps denominator 		: 64 / 64 / 1 / 25
Svt[info]: SVT [config]: bit-depth / color format 					: 10 / YUV420
Svt[info]: SVT [config]: preset / tune / pred struct 					: 9 / PSNR / all intra
Svt[info]: SVT [config]: gop size / mini-gop size / key-frame type 			: 1 / 4 / key frame
Svt[info]: SVT [config]: BRC mode / CQP Assignment 					: CQP / 31.50 
Svt[info]: SVT [config]: AQ mode / Variance Boost 					: 2 / 0
Svt[info]: SVT [config]: sharpness / luminance-based QP bias 				: 0 / 0
Svt[info]: SVT [config]: QP scale compress strength 					: 0
Svt[info]: -------------------------------------------
Svt[info]: -------------------------------------------
Svt[info]: SVT [version]:	SVT-AV1 Encoder Lib v4.2.0
Svt[info]: SVT [build]  :	Visual Studio 2026 64 bit
Svt[info]: -------------------------------------------
Svt[warn]: Preset M12 is mapped to M9.
Svt[warn]: Screen-content detection and tools are disabled for all-intra coding at M8 and above; forcing NSC path
Svt[warn]: Level of parallelism supports levels [0-6]. Setting maximum parallelism level.
Svt[warn]: Level of parallelism does not correspond to a target number of processors to use. See Docs/Parameters.md for info.
Svt[warn]: If you are using tiles with the intent of increasing the decoder speed, please also consider using --fast-decode 1 or 2, especially if the intended decoder is running with limited multi-threading capabilities.
Svt[warn]: TPL is disabled for all-intra coding
Svt[info]: Level of Parallelism: 6
Svt[info]: Number of PPCS 4
Svt[info]: [asm level on system : up to avx2]
Svt[info]: [asm level selected : up to avx2]
Svt[info]: -------------------------------------------
Svt[info]: SVT [config]: main profile	tier (auto)	level (auto)
Svt[info]: SVT [config]: width / height / fps numerator / fps denominator 		: 64 / 64 / 1 / 25
Svt[info]: SVT [config]: bit-depth / color format 					: 10 / YUV420
Svt[info]: SVT [config]: preset / tune / pred struct 					: 9 / PSNR / all intra
Svt[info]: SVT [config]: gop size / mini-gop size / key-frame type 			: 1 / 4 / key frame
Svt[info]: SVT [config]: BRC mode / CQP Assignment 					: CQP / 31.50 
Svt[info]: SVT [config]: AQ mode / Variance Boost 					: 2 / 0
Svt[info]: SVT [config]: sharpness / luminance-based QP bias 				: 0 / 0
Svt[info]: SVT [config]: QP scale compress strength 					: 0
Svt[info]: -------------------------------------------
Svt[info]: -------------------------------------------
Svt[info]: SVT [version]:	SVT-AV1 Encoder Lib v4.2.0
Svt[info]: SVT [build]  :	Visual Studio 2026 64 bit
Svt[info]: -------------------------------------------
Svt[warn]: Preset M12 is mapped to M9.
Svt[warn]: Screen-content detection and tools are disabled for all-intra coding at M8 and above; forcing NSC path
Svt[warn]: Level of parallelism supports levels [0-6]. Setting maximum parallelism level.
Svt[warn]: Level of parallelism does not correspond to a target number of processors to use. See Docs/Parameters.md for info.
Svt[warn]: If you are using tiles with the intent of increasing the decoder speed, please also consider using --fast-decode 1 or 2, especially if the intended decoder is running with limited multi-threading capabilities.
Svt[warn]: TPL is disabled for all-intra coding
Svt[info]: Level of Parallelism: 6
Svt[info]: Number of PPCS 4
Svt[info]: [asm level on system : up to avx2]
Svt[info]: [asm level selected : up to avx2]
Svt[info]: -------------------------------------------
Svt[info]: SVT [config]: main profile	tier (auto)	level (auto)
Svt[info]: SVT [config]: width / height / fps numerator / fps denominator 		: 64 / 64 / 1 / 25
Svt[info]: SVT [config]: bit-depth / color format 					: 10 / YUV420
Svt[info]: SVT [config]: preset / tune / pred struct 					: 9 / PSNR / all intra
Svt[info]: SVT [config]: gop size / mini-gop size / key-frame type 			: 1 / 4 / key frame
Svt[info]: SVT [config]: BRC mode / CQP Assignment 					: CQP / 31.50 
Svt[info]: SVT [config]: AQ mode / Variance Boost 					: 2 / 0
Svt[info]: SVT [config]: sharpness / luminance-based QP bias 				: 0 / 0
Svt[info]: SVT [config]: QP scale compress strength 					: 0
Svt[info]: -------------------------------------------

file                                           state          bytes        ms  warnings
tests/golden/base/anim.gif failed 0 <ms> MultipageTruncated
    error: encode failed: svt-av1 does not support 10-bit with alpha; use backend libaom
tests/golden/base/bmp24.bmp ok 955 <ms>
tests/golden/base/gray16.png ok 1715 <ms> GrayToRgbEncoded,DepthDowngrade
tests/golden/base/gray16.tif ok 1855 <ms> GrayToRgbEncoded,DepthDowngrade
tests/golden/base/gray8.png ok 1715 <ms> GrayToRgbEncoded
tests/golden/base/graya8.png failed 0 <ms> GrayToRgbEncoded
    error: encode failed: svt-av1 does not support 10-bit with alpha; use backend libaom
tests/golden/base/jxl8.jxl ok 1631 <ms>
tests/golden/base/multi.tif ok 1622 <ms> MultipageTruncated
tests/golden/base/photo.jpg ok 1114 <ms>
tests/golden/base/rgb16.png ok 1114 <ms> DepthDowngrade
tests/golden/base/rgb16.tif ok 1266 <ms> DepthDowngrade
tests/golden/base/rgb8.png ok 1114 <ms>
tests/golden/base/rgb8.tif ok 1266 <ms>
tests/golden/base/rgba16.png failed 0 <ms> DepthDowngrade
    error: encode failed: svt-av1 does not support 10-bit with alpha; use backend libaom
tests/golden/base/rgba8.png failed 0 <ms>
    error: encode failed: svt-av1 does not support 10-bit with alpha; use backend libaom
tests/golden/base/targa.tga ok 955 <ms>
tests/golden/edge/cmyk.tif failed 0 <ms>
    error: probe failed: CMYK input is not supported
tests/golden/edge/corrupt_trunc.jpg failed 0 <ms>
    error: probe failed: JPEG error: <repo>\vcpkg\buildtrees\libjpeg-turbo\src\56c1f52a20-f26ed ("tests/golden/edge/corrupt_trunc.jpg")
tests/golden/edge/corrupt_zero.png failed 0 <ms>
    error: probe failed: Not a PNG file
tests/golden/edge/测试📸unicode.png ok 1114 <ms>
tests/golden/meta/avif_exif.avif ok 588 <ms>
tests/golden/meta/cmyk.tif failed 0 <ms>
    error: probe failed: CMYK input is not supported
tests/golden/meta/exif_full.jpg ok 589 <ms>
tests/golden/meta/heif_exif.heic ok 588 <ms>
tests/golden/meta/jxl_exif.jxl ok 3842 <ms>
tests/golden/meta/webp_lossless.webp ok 318 <ms>
tests/golden/meta/webp_lossy.webp ok 319 <ms>

SUMMARY files=27 ok=19 failed=8 skipped=0 cancelled=0 bytes=23680 total_ms=<ms> throughput_mb_s=<val> avg_file_ms=<ms>
EXIT 8 (failed files)
### run meta-jpeg rc=4 args=--format jpeg
[info] [tid] [run] [main.cpp] run start {outputs=jpeg output_count=1 template=$dir/$file lossless=false color=keep conflict=overwrite workers=1 files=16 metadata_only=true out=.cache/regression/out-meta-jpeg params="adaptive_quantization=true arith_code=false chroma=444 cicp_transfer_function=2 dct_method=0 distance=1 optimize_coding=true progressive=true psnr_target=0 quality=90 quality_mode=distance restart_in_rows=0 smoothing_factor=0 std_quant_tables=false xyb_mode=false"}
[info] [tid] [run] [main.cpp] version {lib=app version=0.2.0}
[info] [tid] [run] [main.cpp] version {lib=qt version=6.11.2}
[info] [tid] [run] [main.cpp] version {lib=oiio version=3.1.17.0}
[info] [tid] [run] [main.cpp] version {lib=jpegli version=031a0077}
[info] [tid] [run] [main.cpp] version {lib=libjxl version=0x00002ee0}
[info] [tid] [run] [main.cpp] version {lib=libheif version=1.23.5}
[info] [tid] [run] [main.cpp] version {lib=exiv2 version=0.28.9}
[info] [tid] [run] [main.cpp] version {lib=lcms2 version=2190}
[info] [tid] [run] [main.cpp] version {lib=webp version=1.6.0}
[info] [tid] [run] [main.cpp] version {lib=tiff version="LIBTIFF, Version 4.7.2"}
[info] [tid] [run] [main.cpp] version {lib=x265 version="x265 HEVC encoder (4.3-vcpkg)"}
[info] [tid] [run] [main.cpp] version {lib=svt-av1 version="SVT-AV1 encoder v4.2.0"}
[info] [tid] [run] [main.cpp] version {lib=aom version="AOMedia Project AV1 Encoder v3.15.1"}
[info] [tid] [scheduler] [scheduler.cpp] start {files=16 workers=1 workers_resolved=1 stagger_ms=<ms> thread_budget=16 budget_bytes=<bytes> outputs=1 formats=jpeg template=$dir/$file mode=metadata-only}
[info] [tid] [sched] [scheduler.cpp] file start {index=0 src=tests/golden/base/anim.gif stagger_offset_ms=<ms> stagger_ms=<ms>}
[info] [tid] [sched] [scheduler.cpp] thread alloc {index=0 alloc_files=16 encode_threads=1 active_files=1 sum_encode_threads=1 thread_budget=16}
[error] [tid] [pipeline] [pipeline.cpp] metadata-only rewrite failed: exiv2: Writing to GIF images is not supported {src=tests/golden/base/anim.gif}
[info] [tid] [sched] [scheduler.cpp] file start {index=1 src=tests/golden/base/bmp24.bmp stagger_offset_ms=<ms> stagger_ms=<ms>}
[info] [tid] [sched] [scheduler.cpp] thread alloc {index=1 alloc_files=15 encode_threads=1 active_files=1 sum_encode_threads=1 thread_budget=16}
[error] [tid] [pipeline] [pipeline.cpp] metadata-only rewrite failed: exiv2: Writing to BMP images is not supported {src=tests/golden/base/bmp24.bmp}
[info] [tid] [sched] [scheduler.cpp] file start {index=2 src=tests/golden/base/gray16.png stagger_offset_ms=<ms> stagger_ms=<ms>}
[info] [tid] [sched] [scheduler.cpp] thread alloc {index=2 alloc_files=14 encode_threads=1 active_files=1 sum_encode_threads=1 thread_budget=16}
[info] [tid] [pipeline] [pipeline.cpp] metadata-only done {src=tests/golden/base/gray16.png out=".cache/regression/out-meta-jpeg\\base\\gray16.png" bytes=422 metawrite_ms=<ms> warnings=0}
[info] [tid] [sched] [scheduler.cpp] file start {index=3 src=tests/golden/base/gray16.tif stagger_offset_ms=<ms> stagger_ms=<ms>}
[info] [tid] [sched] [scheduler.cpp] thread alloc {index=3 alloc_files=13 encode_threads=1 active_files=1 sum_encode_threads=1 thread_budget=16}
[info] [tid] [pipeline] [pipeline.cpp] metadata-only done {src=tests/golden/base/gray16.tif out=".cache/regression/out-meta-jpeg\\base\\gray16.tif" bytes=408 metawrite_ms=<ms> warnings=0}
[info] [tid] [sched] [scheduler.cpp] file start {index=4 src=tests/golden/base/gray8.png stagger_offset_ms=<ms> stagger_ms=<ms>}
[info] [tid] [sched] [scheduler.cpp] thread alloc {index=4 alloc_files=12 encode_threads=1 active_files=1 sum_encode_threads=1 thread_budget=16}
[info] [tid] [pipeline] [pipeline.cpp] metadata-only done {src=tests/golden/base/gray8.png out=".cache/regression/out-meta-jpeg\\base\\gray8.png" bytes=412 metawrite_ms=<ms> warnings=0}
[info] [tid] [sched] [scheduler.cpp] file start {index=5 src=tests/golden/base/graya8.png stagger_offset_ms=<ms> stagger_ms=<ms>}
[info] [tid] [sched] [scheduler.cpp] thread alloc {index=5 alloc_files=11 encode_threads=1 active_files=1 sum_encode_threads=1 thread_budget=16}
[info] [tid] [pipeline] [pipeline.cpp] metadata-only done {src=tests/golden/base/graya8.png out=".cache/regression/out-meta-jpeg\\base\\graya8.png" bytes=422 metawrite_ms=<ms> warnings=0}
[info] [tid] [sched] [scheduler.cpp] file start {index=6 src=tests/golden/base/jxl8.jxl stagger_offset_ms=<ms> stagger_ms=<ms>}
[info] [tid] [sched] [scheduler.cpp] thread alloc {index=6 alloc_files=10 encode_threads=1 active_files=1 sum_encode_threads=1 thread_budget=16}
[error] [tid] [pipeline] [pipeline.cpp] metadata-only rewrite failed: exiv2: Setting Exif metadata in BMFF images is not supported {src=tests/golden/base/jxl8.jxl}
[info] [tid] [sched] [scheduler.cpp] file start {index=7 src=tests/golden/base/multi.tif stagger_offset_ms=<ms> stagger_ms=<ms>}
[info] [tid] [sched] [scheduler.cpp] thread alloc {index=7 alloc_files=9 encode_threads=1 active_files=1 sum_encode_threads=1 thread_budget=16}
[info] [tid] [pipeline] [pipeline.cpp] metadata-only done {src=tests/golden/base/multi.tif out=".cache/regression/out-meta-jpeg\\base\\multi.tif" bytes=826 metawrite_ms=<ms> warnings=0}
[info] [tid] [sched] [scheduler.cpp] file start {index=8 src=tests/golden/base/photo.jpg stagger_offset_ms=<ms> stagger_ms=<ms>}
[info] [tid] [sched] [scheduler.cpp] thread alloc {index=8 alloc_files=8 encode_threads=2 active_files=1 sum_encode_threads=2 thread_budget=16}
[info] [tid] [pipeline] [pipeline.cpp] metadata-only done {src=tests/golden/base/photo.jpg out=".cache/regression/out-meta-jpeg\\base\\photo.jpg" bytes=839 metawrite_ms=<ms> warnings=0}
[info] [tid] [sched] [scheduler.cpp] file start {index=9 src=tests/golden/base/rgb16.png stagger_offset_ms=<ms> stagger_ms=<ms>}
[info] [tid] [sched] [scheduler.cpp] thread alloc {index=9 alloc_files=7 encode_threads=2 active_files=1 sum_encode_threads=2 thread_budget=16}
[info] [tid] [pipeline] [pipeline.cpp] metadata-only done {src=tests/golden/base/rgb16.png out=".cache/regression/out-meta-jpeg\\base\\rgb16.png" bytes=539 metawrite_ms=<ms> warnings=0}
[info] [tid] [sched] [scheduler.cpp] file start {index=10 src=tests/golden/base/rgb16.tif stagger_offset_ms=<ms> stagger_ms=<ms>}
[info] [tid] [sched] [scheduler.cpp] thread alloc {index=10 alloc_files=6 encode_threads=2 active_files=1 sum_encode_threads=2 thread_budget=16}
[info] [tid] [pipeline] [pipeline.cpp] metadata-only done {src=tests/golden/base/rgb16.tif out=".cache/regression/out-meta-jpeg\\base\\rgb16.tif" bytes=586 metawrite_ms=<ms> warnings=0}
[info] [tid] [sched] [scheduler.cpp] file start {index=11 src=tests/golden/base/rgb8.png stagger_offset_ms=<ms> stagger_ms=<ms>}
[info] [tid] [sched] [scheduler.cpp] thread alloc {index=11 alloc_files=5 encode_threads=3 active_files=1 sum_encode_threads=3 thread_budget=16}
[info] [tid] [pipeline] [pipeline.cpp] metadata-only done {src=tests/golden/base/rgb8.png out=".cache/regression/out-meta-jpeg\\base\\rgb8.png" bytes=461 metawrite_ms=<ms> warnings=0}
[info] [tid] [sched] [scheduler.cpp] file start {index=12 src=tests/golden/base/rgb8.tif stagger_offset_ms=<ms> stagger_ms=<ms>}
[info] [tid] [sched] [scheduler.cpp] thread alloc {index=12 alloc_files=4 encode_threads=4 active_files=1 sum_encode_threads=4 thread_budget=16}
[info] [tid] [pipeline] [pipeline.cpp] metadata-only done {src=tests/golden/base/rgb8.tif out=".cache/regression/out-meta-jpeg\\base\\rgb8.tif" bytes=470 metawrite_ms=<ms> warnings=0}
[info] [tid] [sched] [scheduler.cpp] file start {index=13 src=tests/golden/base/rgba16.png stagger_offset_ms=<ms> stagger_ms=<ms>}
[info] [tid] [sched] [scheduler.cpp] thread alloc {index=13 alloc_files=3 encode_threads=5 active_files=1 sum_encode_threads=5 thread_budget=16}
[info] [tid] [pipeline] [pipeline.cpp] metadata-only done {src=tests/golden/base/rgba16.png out=".cache/regression/out-meta-jpeg\\base\\rgba16.png" bytes=555 metawrite_ms=<ms> warnings=0}
[info] [tid] [sched] [scheduler.cpp] file start {index=14 src=tests/golden/base/rgba8.png stagger_offset_ms=<ms> stagger_ms=<ms>}
[info] [tid] [sched] [scheduler.cpp] thread alloc {index=14 alloc_files=2 encode_threads=8 active_files=1 sum_encode_threads=8 thread_budget=16}
[info] [tid] [pipeline] [pipeline.cpp] metadata-only done {src=tests/golden/base/rgba8.png out=".cache/regression/out-meta-jpeg\\base\\rgba8.png" bytes=522 metawrite_ms=<ms> warnings=0}
[info] [tid] [sched] [scheduler.cpp] file start {index=15 src=tests/golden/base/targa.tga stagger_offset_ms=<ms> stagger_ms=<ms>}
[info] [tid] [sched] [scheduler.cpp] thread alloc {index=15 alloc_files=1 encode_threads=16 active_files=1 sum_encode_threads=16 thread_budget=16}
[error] [tid] [pipeline] [pipeline.cpp] metadata-only rewrite failed: exiv2: Writing to TGA images is not supported {src=tests/golden/base/targa.tga}
[info] [tid] [scheduler] [scheduler.cpp] e3 report {thread_budget=16 stagger_ms=<ms> peak_active_files=1 peak_sum_encode_threads=16 active_files_end=0 files_done=16}
[info] [tid] [run] [main.cpp] run summary {files=16 ok=12 failed=4 skipped=0 cancelled=0 bytes=6462 total_ms=<ms> throughput_mb_s=<val> avg_file_ms=<ms>}
photopipeline --dev
  format=jpeg backend=(first) tech=(first) lossless=false bitdepth=8 color=keep conflict=overwrite
  out=.cache/regression/out-meta-jpeg workers=1 files=16 metadata_only=true params=[adaptive_quantization=true arith_code=false chroma=444 cicp_transfer_function=2 dct_method=0 distance=1 optimize_coding=true progressive=true psnr_target=0 quality=90 quality_mode=distance restart_in_rows=0 smoothing_factor=0 std_quant_tables=false xyb_mode=false]

file                                           state          bytes        ms  warnings
tests/golden/base/anim.gif failed 0 <ms>
    error: metadata-only rewrite failed: exiv2: Writing to GIF images is not supported
tests/golden/base/bmp24.bmp failed 0 <ms>
    error: metadata-only rewrite failed: exiv2: Writing to BMP images is not supported
tests/golden/base/gray16.png ok 422 <ms>
tests/golden/base/gray16.tif ok 408 <ms>
tests/golden/base/gray8.png ok 412 <ms>
tests/golden/base/graya8.png ok 422 <ms>
tests/golden/base/jxl8.jxl failed 0 <ms>
    error: metadata-only rewrite failed: exiv2: Setting Exif metadata in BMFF images is not supported
tests/golden/base/multi.tif ok 826 <ms>
tests/golden/base/photo.jpg ok 839 <ms>
tests/golden/base/rgb16.png ok 539 <ms>
tests/golden/base/rgb16.tif ok 586 <ms>
tests/golden/base/rgb8.png ok 461 <ms>
tests/golden/base/rgb8.tif ok 470 <ms>
tests/golden/base/rgba16.png ok 555 <ms>
tests/golden/base/rgba8.png ok 522 <ms>
tests/golden/base/targa.tga failed 0 <ms>
    error: metadata-only rewrite failed: exiv2: Writing to TGA images is not supported

SUMMARY files=16 ok=12 failed=4 skipped=0 cancelled=0 bytes=6462 total_ms=<ms> throughput_mb_s=<val> avg_file_ms=<ms>
EXIT 4 (failed files)
### run meta-png rc=4 args=--format png
[info] [tid] [run] [main.cpp] run start {outputs=png output_count=1 template=$dir/$file lossless=false color=keep conflict=overwrite workers=1 files=16 metadata_only=true out=.cache/regression/out-meta-png params=compressionLevel=6}
[info] [tid] [run] [main.cpp] version {lib=app version=0.2.0}
[info] [tid] [run] [main.cpp] version {lib=qt version=6.11.2}
[info] [tid] [run] [main.cpp] version {lib=oiio version=3.1.17.0}
[info] [tid] [run] [main.cpp] version {lib=jpegli version=031a0077}
[info] [tid] [run] [main.cpp] version {lib=libjxl version=0x00002ee0}
[info] [tid] [run] [main.cpp] version {lib=libheif version=1.23.5}
[info] [tid] [run] [main.cpp] version {lib=exiv2 version=0.28.9}
[info] [tid] [run] [main.cpp] version {lib=lcms2 version=2190}
[info] [tid] [run] [main.cpp] version {lib=webp version=1.6.0}
[info] [tid] [run] [main.cpp] version {lib=tiff version="LIBTIFF, Version 4.7.2"}
[info] [tid] [run] [main.cpp] version {lib=x265 version="x265 HEVC encoder (4.3-vcpkg)"}
[info] [tid] [run] [main.cpp] version {lib=svt-av1 version="SVT-AV1 encoder v4.2.0"}
[info] [tid] [run] [main.cpp] version {lib=aom version="AOMedia Project AV1 Encoder v3.15.1"}
[info] [tid] [scheduler] [scheduler.cpp] start {files=16 workers=1 workers_resolved=1 stagger_ms=<ms> thread_budget=16 budget_bytes=<bytes> outputs=1 formats=png template=$dir/$file mode=metadata-only}
[info] [tid] [sched] [scheduler.cpp] file start {index=0 src=tests/golden/base/anim.gif stagger_offset_ms=<ms> stagger_ms=<ms>}
[info] [tid] [sched] [scheduler.cpp] thread alloc {index=0 alloc_files=16 encode_threads=1 active_files=1 sum_encode_threads=1 thread_budget=16}
[error] [tid] [pipeline] [pipeline.cpp] metadata-only rewrite failed: exiv2: Writing to GIF images is not supported {src=tests/golden/base/anim.gif}
[info] [tid] [sched] [scheduler.cpp] file start {index=1 src=tests/golden/base/bmp24.bmp stagger_offset_ms=<ms> stagger_ms=<ms>}
[info] [tid] [sched] [scheduler.cpp] thread alloc {index=1 alloc_files=15 encode_threads=1 active_files=1 sum_encode_threads=1 thread_budget=16}
[error] [tid] [pipeline] [pipeline.cpp] metadata-only rewrite failed: exiv2: Writing to BMP images is not supported {src=tests/golden/base/bmp24.bmp}
[info] [tid] [sched] [scheduler.cpp] file start {index=2 src=tests/golden/base/gray16.png stagger_offset_ms=<ms> stagger_ms=<ms>}
[info] [tid] [sched] [scheduler.cpp] thread alloc {index=2 alloc_files=14 encode_threads=1 active_files=1 sum_encode_threads=1 thread_budget=16}
[info] [tid] [pipeline] [pipeline.cpp] metadata-only done {src=tests/golden/base/gray16.png out=".cache/regression/out-meta-png\\base\\gray16.png" bytes=422 metawrite_ms=<ms> warnings=0}
[info] [tid] [sched] [scheduler.cpp] file start {index=3 src=tests/golden/base/gray16.tif stagger_offset_ms=<ms> stagger_ms=<ms>}
[info] [tid] [sched] [scheduler.cpp] thread alloc {index=3 alloc_files=13 encode_threads=1 active_files=1 sum_encode_threads=1 thread_budget=16}
[info] [tid] [pipeline] [pipeline.cpp] metadata-only done {src=tests/golden/base/gray16.tif out=".cache/regression/out-meta-png\\base\\gray16.tif" bytes=408 metawrite_ms=<ms> warnings=0}
[info] [tid] [sched] [scheduler.cpp] file start {index=4 src=tests/golden/base/gray8.png stagger_offset_ms=<ms> stagger_ms=<ms>}
[info] [tid] [sched] [scheduler.cpp] thread alloc {index=4 alloc_files=12 encode_threads=1 active_files=1 sum_encode_threads=1 thread_budget=16}
[info] [tid] [pipeline] [pipeline.cpp] metadata-only done {src=tests/golden/base/gray8.png out=".cache/regression/out-meta-png\\base\\gray8.png" bytes=412 metawrite_ms=<ms> warnings=0}
[info] [tid] [sched] [scheduler.cpp] file start {index=5 src=tests/golden/base/graya8.png stagger_offset_ms=<ms> stagger_ms=<ms>}
[info] [tid] [sched] [scheduler.cpp] thread alloc {index=5 alloc_files=11 encode_threads=1 active_files=1 sum_encode_threads=1 thread_budget=16}
[info] [tid] [pipeline] [pipeline.cpp] metadata-only done {src=tests/golden/base/graya8.png out=".cache/regression/out-meta-png\\base\\graya8.png" bytes=422 metawrite_ms=<ms> warnings=0}
[info] [tid] [sched] [scheduler.cpp] file start {index=6 src=tests/golden/base/jxl8.jxl stagger_offset_ms=<ms> stagger_ms=<ms>}
[info] [tid] [sched] [scheduler.cpp] thread alloc {index=6 alloc_files=10 encode_threads=1 active_files=1 sum_encode_threads=1 thread_budget=16}
[error] [tid] [pipeline] [pipeline.cpp] metadata-only rewrite failed: exiv2: Setting Exif metadata in BMFF images is not supported {src=tests/golden/base/jxl8.jxl}
[info] [tid] [sched] [scheduler.cpp] file start {index=7 src=tests/golden/base/multi.tif stagger_offset_ms=<ms> stagger_ms=<ms>}
[info] [tid] [sched] [scheduler.cpp] thread alloc {index=7 alloc_files=9 encode_threads=1 active_files=1 sum_encode_threads=1 thread_budget=16}
[info] [tid] [pipeline] [pipeline.cpp] metadata-only done {src=tests/golden/base/multi.tif out=".cache/regression/out-meta-png\\base\\multi.tif" bytes=826 metawrite_ms=<ms> warnings=0}
[info] [tid] [sched] [scheduler.cpp] file start {index=8 src=tests/golden/base/photo.jpg stagger_offset_ms=<ms> stagger_ms=<ms>}
[info] [tid] [sched] [scheduler.cpp] thread alloc {index=8 alloc_files=8 encode_threads=2 active_files=1 sum_encode_threads=2 thread_budget=16}
[info] [tid] [pipeline] [pipeline.cpp] metadata-only done {src=tests/golden/base/photo.jpg out=".cache/regression/out-meta-png\\base\\photo.jpg" bytes=839 metawrite_ms=<ms> warnings=0}
[info] [tid] [sched] [scheduler.cpp] file start {index=9 src=tests/golden/base/rgb16.png stagger_offset_ms=<ms> stagger_ms=<ms>}
[info] [tid] [sched] [scheduler.cpp] thread alloc {index=9 alloc_files=7 encode_threads=2 active_files=1 sum_encode_threads=2 thread_budget=16}
[info] [tid] [pipeline] [pipeline.cpp] metadata-only done {src=tests/golden/base/rgb16.png out=".cache/regression/out-meta-png\\base\\rgb16.png" bytes=539 metawrite_ms=<ms> warnings=0}
[info] [tid] [sched] [scheduler.cpp] file start {index=10 src=tests/golden/base/rgb16.tif stagger_offset_ms=<ms> stagger_ms=<ms>}
[info] [tid] [sched] [scheduler.cpp] thread alloc {index=10 alloc_files=6 encode_threads=2 active_files=1 sum_encode_threads=2 thread_budget=16}
[info] [tid] [pipeline] [pipeline.cpp] metadata-only done {src=tests/golden/base/rgb16.tif out=".cache/regression/out-meta-png\\base\\rgb16.tif" bytes=586 metawrite_ms=<ms> warnings=0}
[info] [tid] [sched] [scheduler.cpp] file start {index=11 src=tests/golden/base/rgb8.png stagger_offset_ms=<ms> stagger_ms=<ms>}
[info] [tid] [sched] [scheduler.cpp] thread alloc {index=11 alloc_files=5 encode_threads=3 active_files=1 sum_encode_threads=3 thread_budget=16}
[info] [tid] [pipeline] [pipeline.cpp] metadata-only done {src=tests/golden/base/rgb8.png out=".cache/regression/out-meta-png\\base\\rgb8.png" bytes=461 metawrite_ms=<ms> warnings=0}
[info] [tid] [sched] [scheduler.cpp] file start {index=12 src=tests/golden/base/rgb8.tif stagger_offset_ms=<ms> stagger_ms=<ms>}
[info] [tid] [sched] [scheduler.cpp] thread alloc {index=12 alloc_files=4 encode_threads=4 active_files=1 sum_encode_threads=4 thread_budget=16}
[info] [tid] [pipeline] [pipeline.cpp] metadata-only done {src=tests/golden/base/rgb8.tif out=".cache/regression/out-meta-png\\base\\rgb8.tif" bytes=470 metawrite_ms=<ms> warnings=0}
[info] [tid] [sched] [scheduler.cpp] file start {index=13 src=tests/golden/base/rgba16.png stagger_offset_ms=<ms> stagger_ms=<ms>}
[info] [tid] [sched] [scheduler.cpp] thread alloc {index=13 alloc_files=3 encode_threads=5 active_files=1 sum_encode_threads=5 thread_budget=16}
[info] [tid] [pipeline] [pipeline.cpp] metadata-only done {src=tests/golden/base/rgba16.png out=".cache/regression/out-meta-png\\base\\rgba16.png" bytes=555 metawrite_ms=<ms> warnings=0}
[info] [tid] [sched] [scheduler.cpp] file start {index=14 src=tests/golden/base/rgba8.png stagger_offset_ms=<ms> stagger_ms=<ms>}
[info] [tid] [sched] [scheduler.cpp] thread alloc {index=14 alloc_files=2 encode_threads=8 active_files=1 sum_encode_threads=8 thread_budget=16}
[info] [tid] [pipeline] [pipeline.cpp] metadata-only done {src=tests/golden/base/rgba8.png out=".cache/regression/out-meta-png\\base\\rgba8.png" bytes=522 metawrite_ms=<ms> warnings=0}
[info] [tid] [sched] [scheduler.cpp] file start {index=15 src=tests/golden/base/targa.tga stagger_offset_ms=<ms> stagger_ms=<ms>}
[info] [tid] [sched] [scheduler.cpp] thread alloc {index=15 alloc_files=1 encode_threads=16 active_files=1 sum_encode_threads=16 thread_budget=16}
[error] [tid] [pipeline] [pipeline.cpp] metadata-only rewrite failed: exiv2: Writing to TGA images is not supported {src=tests/golden/base/targa.tga}
[info] [tid] [scheduler] [scheduler.cpp] e3 report {thread_budget=16 stagger_ms=<ms> peak_active_files=1 peak_sum_encode_threads=16 active_files_end=0 files_done=16}
[info] [tid] [run] [main.cpp] run summary {files=16 ok=12 failed=4 skipped=0 cancelled=0 bytes=6462 total_ms=<ms> throughput_mb_s=<val> avg_file_ms=<ms>}
photopipeline --dev
  format=png backend=(first) tech=(first) lossless=false bitdepth=16 color=keep conflict=overwrite
  out=.cache/regression/out-meta-png workers=1 files=16 metadata_only=true params=[compressionLevel=6]

file                                           state          bytes        ms  warnings
tests/golden/base/anim.gif failed 0 <ms>
    error: metadata-only rewrite failed: exiv2: Writing to GIF images is not supported
tests/golden/base/bmp24.bmp failed 0 <ms>
    error: metadata-only rewrite failed: exiv2: Writing to BMP images is not supported
tests/golden/base/gray16.png ok 422 <ms>
tests/golden/base/gray16.tif ok 408 <ms>
tests/golden/base/gray8.png ok 412 <ms>
tests/golden/base/graya8.png ok 422 <ms>
tests/golden/base/jxl8.jxl failed 0 <ms>
    error: metadata-only rewrite failed: exiv2: Setting Exif metadata in BMFF images is not supported
tests/golden/base/multi.tif ok 826 <ms>
tests/golden/base/photo.jpg ok 839 <ms>
tests/golden/base/rgb16.png ok 539 <ms>
tests/golden/base/rgb16.tif ok 586 <ms>
tests/golden/base/rgb8.png ok 461 <ms>
tests/golden/base/rgb8.tif ok 470 <ms>
tests/golden/base/rgba16.png ok 555 <ms>
tests/golden/base/rgba8.png ok 522 <ms>
tests/golden/base/targa.tga failed 0 <ms>
    error: metadata-only rewrite failed: exiv2: Writing to TGA images is not supported

SUMMARY files=16 ok=12 failed=4 skipped=0 cancelled=0 bytes=6462 total_ms=<ms> throughput_mb_s=<val> avg_file_ms=<ms>
EXIT 4 (failed files)
### run meta-tiff rc=4 args=--format tiff
[info] [tid] [run] [main.cpp] run start {outputs=tiff output_count=1 template=$dir/$file lossless=false color=keep conflict=overwrite workers=1 files=16 metadata_only=true out=.cache/regression/out-meta-tiff params="compression=lzw deflate_level=6 predictor=2 tiff_tile_height=0 tiff_tile_width=0"}
[info] [tid] [run] [main.cpp] version {lib=app version=0.2.0}
[info] [tid] [run] [main.cpp] version {lib=qt version=6.11.2}
[info] [tid] [run] [main.cpp] version {lib=oiio version=3.1.17.0}
[info] [tid] [run] [main.cpp] version {lib=jpegli version=031a0077}
[info] [tid] [run] [main.cpp] version {lib=libjxl version=0x00002ee0}
[info] [tid] [run] [main.cpp] version {lib=libheif version=1.23.5}
[info] [tid] [run] [main.cpp] version {lib=exiv2 version=0.28.9}
[info] [tid] [run] [main.cpp] version {lib=lcms2 version=2190}
[info] [tid] [run] [main.cpp] version {lib=webp version=1.6.0}
[info] [tid] [run] [main.cpp] version {lib=tiff version="LIBTIFF, Version 4.7.2"}
[info] [tid] [run] [main.cpp] version {lib=x265 version="x265 HEVC encoder (4.3-vcpkg)"}
[info] [tid] [run] [main.cpp] version {lib=svt-av1 version="SVT-AV1 encoder v4.2.0"}
[info] [tid] [run] [main.cpp] version {lib=aom version="AOMedia Project AV1 Encoder v3.15.1"}
[info] [tid] [scheduler] [scheduler.cpp] start {files=16 workers=1 workers_resolved=1 stagger_ms=<ms> thread_budget=16 budget_bytes=<bytes> outputs=1 formats=tiff template=$dir/$file mode=metadata-only}
[info] [tid] [sched] [scheduler.cpp] file start {index=0 src=tests/golden/base/anim.gif stagger_offset_ms=<ms> stagger_ms=<ms>}
[info] [tid] [sched] [scheduler.cpp] thread alloc {index=0 alloc_files=16 encode_threads=1 active_files=1 sum_encode_threads=1 thread_budget=16}
[error] [tid] [pipeline] [pipeline.cpp] metadata-only rewrite failed: exiv2: Writing to GIF images is not supported {src=tests/golden/base/anim.gif}
[info] [tid] [sched] [scheduler.cpp] file start {index=1 src=tests/golden/base/bmp24.bmp stagger_offset_ms=<ms> stagger_ms=<ms>}
[info] [tid] [sched] [scheduler.cpp] thread alloc {index=1 alloc_files=15 encode_threads=1 active_files=1 sum_encode_threads=1 thread_budget=16}
[error] [tid] [pipeline] [pipeline.cpp] metadata-only rewrite failed: exiv2: Writing to BMP images is not supported {src=tests/golden/base/bmp24.bmp}
[info] [tid] [sched] [scheduler.cpp] file start {index=2 src=tests/golden/base/gray16.png stagger_offset_ms=<ms> stagger_ms=<ms>}
[info] [tid] [sched] [scheduler.cpp] thread alloc {index=2 alloc_files=14 encode_threads=1 active_files=1 sum_encode_threads=1 thread_budget=16}
[info] [tid] [pipeline] [pipeline.cpp] metadata-only done {src=tests/golden/base/gray16.png out=".cache/regression/out-meta-tiff\\base\\gray16.png" bytes=422 metawrite_ms=<ms> warnings=0}
[info] [tid] [sched] [scheduler.cpp] file start {index=3 src=tests/golden/base/gray16.tif stagger_offset_ms=<ms> stagger_ms=<ms>}
[info] [tid] [sched] [scheduler.cpp] thread alloc {index=3 alloc_files=13 encode_threads=1 active_files=1 sum_encode_threads=1 thread_budget=16}
[info] [tid] [pipeline] [pipeline.cpp] metadata-only done {src=tests/golden/base/gray16.tif out=".cache/regression/out-meta-tiff\\base\\gray16.tif" bytes=408 metawrite_ms=<ms> warnings=0}
[info] [tid] [sched] [scheduler.cpp] file start {index=4 src=tests/golden/base/gray8.png stagger_offset_ms=<ms> stagger_ms=<ms>}
[info] [tid] [sched] [scheduler.cpp] thread alloc {index=4 alloc_files=12 encode_threads=1 active_files=1 sum_encode_threads=1 thread_budget=16}
[info] [tid] [pipeline] [pipeline.cpp] metadata-only done {src=tests/golden/base/gray8.png out=".cache/regression/out-meta-tiff\\base\\gray8.png" bytes=412 metawrite_ms=<ms> warnings=0}
[info] [tid] [sched] [scheduler.cpp] file start {index=5 src=tests/golden/base/graya8.png stagger_offset_ms=<ms> stagger_ms=<ms>}
[info] [tid] [sched] [scheduler.cpp] thread alloc {index=5 alloc_files=11 encode_threads=1 active_files=1 sum_encode_threads=1 thread_budget=16}
[info] [tid] [pipeline] [pipeline.cpp] metadata-only done {src=tests/golden/base/graya8.png out=".cache/regression/out-meta-tiff\\base\\graya8.png" bytes=422 metawrite_ms=<ms> warnings=0}
[info] [tid] [sched] [scheduler.cpp] file start {index=6 src=tests/golden/base/jxl8.jxl stagger_offset_ms=<ms> stagger_ms=<ms>}
[info] [tid] [sched] [scheduler.cpp] thread alloc {index=6 alloc_files=10 encode_threads=1 active_files=1 sum_encode_threads=1 thread_budget=16}
[error] [tid] [pipeline] [pipeline.cpp] metadata-only rewrite failed: exiv2: Setting Exif metadata in BMFF images is not supported {src=tests/golden/base/jxl8.jxl}
[info] [tid] [sched] [scheduler.cpp] file start {index=7 src=tests/golden/base/multi.tif stagger_offset_ms=<ms> stagger_ms=<ms>}
[info] [tid] [sched] [scheduler.cpp] thread alloc {index=7 alloc_files=9 encode_threads=1 active_files=1 sum_encode_threads=1 thread_budget=16}
[info] [tid] [pipeline] [pipeline.cpp] metadata-only done {src=tests/golden/base/multi.tif out=".cache/regression/out-meta-tiff\\base\\multi.tif" bytes=826 metawrite_ms=<ms> warnings=0}
[info] [tid] [sched] [scheduler.cpp] file start {index=8 src=tests/golden/base/photo.jpg stagger_offset_ms=<ms> stagger_ms=<ms>}
[info] [tid] [sched] [scheduler.cpp] thread alloc {index=8 alloc_files=8 encode_threads=2 active_files=1 sum_encode_threads=2 thread_budget=16}
[info] [tid] [pipeline] [pipeline.cpp] metadata-only done {src=tests/golden/base/photo.jpg out=".cache/regression/out-meta-tiff\\base\\photo.jpg" bytes=839 metawrite_ms=<ms> warnings=0}
[info] [tid] [sched] [scheduler.cpp] file start {index=9 src=tests/golden/base/rgb16.png stagger_offset_ms=<ms> stagger_ms=<ms>}
[info] [tid] [sched] [scheduler.cpp] thread alloc {index=9 alloc_files=7 encode_threads=2 active_files=1 sum_encode_threads=2 thread_budget=16}
[info] [tid] [pipeline] [pipeline.cpp] metadata-only done {src=tests/golden/base/rgb16.png out=".cache/regression/out-meta-tiff\\base\\rgb16.png" bytes=539 metawrite_ms=<ms> warnings=0}
[info] [tid] [sched] [scheduler.cpp] file start {index=10 src=tests/golden/base/rgb16.tif stagger_offset_ms=<ms> stagger_ms=<ms>}
[info] [tid] [sched] [scheduler.cpp] thread alloc {index=10 alloc_files=6 encode_threads=2 active_files=1 sum_encode_threads=2 thread_budget=16}
[info] [tid] [pipeline] [pipeline.cpp] metadata-only done {src=tests/golden/base/rgb16.tif out=".cache/regression/out-meta-tiff\\base\\rgb16.tif" bytes=586 metawrite_ms=<ms> warnings=0}
[info] [tid] [sched] [scheduler.cpp] file start {index=11 src=tests/golden/base/rgb8.png stagger_offset_ms=<ms> stagger_ms=<ms>}
[info] [tid] [sched] [scheduler.cpp] thread alloc {index=11 alloc_files=5 encode_threads=3 active_files=1 sum_encode_threads=3 thread_budget=16}
[info] [tid] [pipeline] [pipeline.cpp] metadata-only done {src=tests/golden/base/rgb8.png out=".cache/regression/out-meta-tiff\\base\\rgb8.png" bytes=461 metawrite_ms=<ms> warnings=0}
[info] [tid] [sched] [scheduler.cpp] file start {index=12 src=tests/golden/base/rgb8.tif stagger_offset_ms=<ms> stagger_ms=<ms>}
[info] [tid] [sched] [scheduler.cpp] thread alloc {index=12 alloc_files=4 encode_threads=4 active_files=1 sum_encode_threads=4 thread_budget=16}
[info] [tid] [pipeline] [pipeline.cpp] metadata-only done {src=tests/golden/base/rgb8.tif out=".cache/regression/out-meta-tiff\\base\\rgb8.tif" bytes=470 metawrite_ms=<ms> warnings=0}
[info] [tid] [sched] [scheduler.cpp] file start {index=13 src=tests/golden/base/rgba16.png stagger_offset_ms=<ms> stagger_ms=<ms>}
[info] [tid] [sched] [scheduler.cpp] thread alloc {index=13 alloc_files=3 encode_threads=5 active_files=1 sum_encode_threads=5 thread_budget=16}
[info] [tid] [pipeline] [pipeline.cpp] metadata-only done {src=tests/golden/base/rgba16.png out=".cache/regression/out-meta-tiff\\base\\rgba16.png" bytes=555 metawrite_ms=<ms> warnings=0}
[info] [tid] [sched] [scheduler.cpp] file start {index=14 src=tests/golden/base/rgba8.png stagger_offset_ms=<ms> stagger_ms=<ms>}
[info] [tid] [sched] [scheduler.cpp] thread alloc {index=14 alloc_files=2 encode_threads=8 active_files=1 sum_encode_threads=8 thread_budget=16}
[info] [tid] [pipeline] [pipeline.cpp] metadata-only done {src=tests/golden/base/rgba8.png out=".cache/regression/out-meta-tiff\\base\\rgba8.png" bytes=522 metawrite_ms=<ms> warnings=0}
[info] [tid] [sched] [scheduler.cpp] file start {index=15 src=tests/golden/base/targa.tga stagger_offset_ms=<ms> stagger_ms=<ms>}
[info] [tid] [sched] [scheduler.cpp] thread alloc {index=15 alloc_files=1 encode_threads=16 active_files=1 sum_encode_threads=16 thread_budget=16}
[error] [tid] [pipeline] [pipeline.cpp] metadata-only rewrite failed: exiv2: Writing to TGA images is not supported {src=tests/golden/base/targa.tga}
[info] [tid] [scheduler] [scheduler.cpp] e3 report {thread_budget=16 stagger_ms=<ms> peak_active_files=1 peak_sum_encode_threads=16 active_files_end=0 files_done=16}
[info] [tid] [run] [main.cpp] run summary {files=16 ok=12 failed=4 skipped=0 cancelled=0 bytes=6462 total_ms=<ms> throughput_mb_s=<val> avg_file_ms=<ms>}
photopipeline --dev
  format=tiff backend=(first) tech=(first) lossless=false bitdepth=16 color=keep conflict=overwrite
  out=.cache/regression/out-meta-tiff workers=1 files=16 metadata_only=true params=[compression=lzw deflate_level=6 predictor=2 tiff_tile_height=0 tiff_tile_width=0]

file                                           state          bytes        ms  warnings
tests/golden/base/anim.gif failed 0 <ms>
    error: metadata-only rewrite failed: exiv2: Writing to GIF images is not supported
tests/golden/base/bmp24.bmp failed 0 <ms>
    error: metadata-only rewrite failed: exiv2: Writing to BMP images is not supported
tests/golden/base/gray16.png ok 422 <ms>
tests/golden/base/gray16.tif ok 408 <ms>
tests/golden/base/gray8.png ok 412 <ms>
tests/golden/base/graya8.png ok 422 <ms>
tests/golden/base/jxl8.jxl failed 0 <ms>
    error: metadata-only rewrite failed: exiv2: Setting Exif metadata in BMFF images is not supported
tests/golden/base/multi.tif ok 826 <ms>
tests/golden/base/photo.jpg ok 839 <ms>
tests/golden/base/rgb16.png ok 539 <ms>
tests/golden/base/rgb16.tif ok 586 <ms>
tests/golden/base/rgb8.png ok 461 <ms>
tests/golden/base/rgb8.tif ok 470 <ms>
tests/golden/base/rgba16.png ok 555 <ms>
tests/golden/base/rgba8.png ok 522 <ms>
tests/golden/base/targa.tga failed 0 <ms>
    error: metadata-only rewrite failed: exiv2: Writing to TGA images is not supported

SUMMARY files=16 ok=12 failed=4 skipped=0 cancelled=0 bytes=6462 total_ms=<ms> throughput_mb_s=<val> avg_file_ms=<ms>
EXIT 4 (failed files)
### run meta-webp rc=4 args=--format webp
[info] [tid] [run] [main.cpp] run start {outputs=webp output_count=1 template=$dir/$file lossless=false color=keep conflict=overwrite workers=1 files=16 metadata_only=true out=.cache/regression/out-meta-webp params="alpha_compression=true alpha_filtering=1 alpha_quality=100 autofilter=false emulate_jpeg_size=false filter_sharpness=0 filter_strength=30 filter_type=true lossless=false low_memory=false method=4 partition_limit=0 partitions=0 pass=1 preprocessing=0 preset=2 qmax=100 qmin=0 quality=90 segments=4 sharp_yuv=true sns_strength=50"}
[info] [tid] [run] [main.cpp] version {lib=app version=0.2.0}
[info] [tid] [run] [main.cpp] version {lib=qt version=6.11.2}
[info] [tid] [run] [main.cpp] version {lib=oiio version=3.1.17.0}
[info] [tid] [run] [main.cpp] version {lib=jpegli version=031a0077}
[info] [tid] [run] [main.cpp] version {lib=libjxl version=0x00002ee0}
[info] [tid] [run] [main.cpp] version {lib=libheif version=1.23.5}
[info] [tid] [run] [main.cpp] version {lib=exiv2 version=0.28.9}
[info] [tid] [run] [main.cpp] version {lib=lcms2 version=2190}
[info] [tid] [run] [main.cpp] version {lib=webp version=1.6.0}
[info] [tid] [run] [main.cpp] version {lib=tiff version="LIBTIFF, Version 4.7.2"}
[info] [tid] [run] [main.cpp] version {lib=x265 version="x265 HEVC encoder (4.3-vcpkg)"}
[info] [tid] [run] [main.cpp] version {lib=svt-av1 version="SVT-AV1 encoder v4.2.0"}
[info] [tid] [run] [main.cpp] version {lib=aom version="AOMedia Project AV1 Encoder v3.15.1"}
[info] [tid] [scheduler] [scheduler.cpp] start {files=16 workers=1 workers_resolved=1 stagger_ms=<ms> thread_budget=16 budget_bytes=<bytes> outputs=1 formats=webp template=$dir/$file mode=metadata-only}
[info] [tid] [sched] [scheduler.cpp] file start {index=0 src=tests/golden/base/anim.gif stagger_offset_ms=<ms> stagger_ms=<ms>}
[info] [tid] [sched] [scheduler.cpp] thread alloc {index=0 alloc_files=16 encode_threads=1 active_files=1 sum_encode_threads=1 thread_budget=16}
[error] [tid] [pipeline] [pipeline.cpp] metadata-only rewrite failed: exiv2: Writing to GIF images is not supported {src=tests/golden/base/anim.gif}
[info] [tid] [sched] [scheduler.cpp] file start {index=1 src=tests/golden/base/bmp24.bmp stagger_offset_ms=<ms> stagger_ms=<ms>}
[info] [tid] [sched] [scheduler.cpp] thread alloc {index=1 alloc_files=15 encode_threads=1 active_files=1 sum_encode_threads=1 thread_budget=16}
[error] [tid] [pipeline] [pipeline.cpp] metadata-only rewrite failed: exiv2: Writing to BMP images is not supported {src=tests/golden/base/bmp24.bmp}
[info] [tid] [sched] [scheduler.cpp] file start {index=2 src=tests/golden/base/gray16.png stagger_offset_ms=<ms> stagger_ms=<ms>}
[info] [tid] [sched] [scheduler.cpp] thread alloc {index=2 alloc_files=14 encode_threads=1 active_files=1 sum_encode_threads=1 thread_budget=16}
[info] [tid] [pipeline] [pipeline.cpp] metadata-only done {src=tests/golden/base/gray16.png out=".cache/regression/out-meta-webp\\base\\gray16.png" bytes=422 metawrite_ms=<ms> warnings=0}
[info] [tid] [sched] [scheduler.cpp] file start {index=3 src=tests/golden/base/gray16.tif stagger_offset_ms=<ms> stagger_ms=<ms>}
[info] [tid] [sched] [scheduler.cpp] thread alloc {index=3 alloc_files=13 encode_threads=1 active_files=1 sum_encode_threads=1 thread_budget=16}
[info] [tid] [pipeline] [pipeline.cpp] metadata-only done {src=tests/golden/base/gray16.tif out=".cache/regression/out-meta-webp\\base\\gray16.tif" bytes=408 metawrite_ms=<ms> warnings=0}
[info] [tid] [sched] [scheduler.cpp] file start {index=4 src=tests/golden/base/gray8.png stagger_offset_ms=<ms> stagger_ms=<ms>}
[info] [tid] [sched] [scheduler.cpp] thread alloc {index=4 alloc_files=12 encode_threads=1 active_files=1 sum_encode_threads=1 thread_budget=16}
[info] [tid] [pipeline] [pipeline.cpp] metadata-only done {src=tests/golden/base/gray8.png out=".cache/regression/out-meta-webp\\base\\gray8.png" bytes=412 metawrite_ms=<ms> warnings=0}
[info] [tid] [sched] [scheduler.cpp] file start {index=5 src=tests/golden/base/graya8.png stagger_offset_ms=<ms> stagger_ms=<ms>}
[info] [tid] [sched] [scheduler.cpp] thread alloc {index=5 alloc_files=11 encode_threads=1 active_files=1 sum_encode_threads=1 thread_budget=16}
[info] [tid] [pipeline] [pipeline.cpp] metadata-only done {src=tests/golden/base/graya8.png out=".cache/regression/out-meta-webp\\base\\graya8.png" bytes=422 metawrite_ms=<ms> warnings=0}
[info] [tid] [sched] [scheduler.cpp] file start {index=6 src=tests/golden/base/jxl8.jxl stagger_offset_ms=<ms> stagger_ms=<ms>}
[info] [tid] [sched] [scheduler.cpp] thread alloc {index=6 alloc_files=10 encode_threads=1 active_files=1 sum_encode_threads=1 thread_budget=16}
[error] [tid] [pipeline] [pipeline.cpp] metadata-only rewrite failed: exiv2: Setting Exif metadata in BMFF images is not supported {src=tests/golden/base/jxl8.jxl}
[info] [tid] [sched] [scheduler.cpp] file start {index=7 src=tests/golden/base/multi.tif stagger_offset_ms=<ms> stagger_ms=<ms>}
[info] [tid] [sched] [scheduler.cpp] thread alloc {index=7 alloc_files=9 encode_threads=1 active_files=1 sum_encode_threads=1 thread_budget=16}
[info] [tid] [pipeline] [pipeline.cpp] metadata-only done {src=tests/golden/base/multi.tif out=".cache/regression/out-meta-webp\\base\\multi.tif" bytes=826 metawrite_ms=<ms> warnings=0}
[info] [tid] [sched] [scheduler.cpp] file start {index=8 src=tests/golden/base/photo.jpg stagger_offset_ms=<ms> stagger_ms=<ms>}
[info] [tid] [sched] [scheduler.cpp] thread alloc {index=8 alloc_files=8 encode_threads=2 active_files=1 sum_encode_threads=2 thread_budget=16}
[info] [tid] [pipeline] [pipeline.cpp] metadata-only done {src=tests/golden/base/photo.jpg out=".cache/regression/out-meta-webp\\base\\photo.jpg" bytes=839 metawrite_ms=<ms> warnings=0}
[info] [tid] [sched] [scheduler.cpp] file start {index=9 src=tests/golden/base/rgb16.png stagger_offset_ms=<ms> stagger_ms=<ms>}
[info] [tid] [sched] [scheduler.cpp] thread alloc {index=9 alloc_files=7 encode_threads=2 active_files=1 sum_encode_threads=2 thread_budget=16}
[info] [tid] [pipeline] [pipeline.cpp] metadata-only done {src=tests/golden/base/rgb16.png out=".cache/regression/out-meta-webp\\base\\rgb16.png" bytes=539 metawrite_ms=<ms> warnings=0}
[info] [tid] [sched] [scheduler.cpp] file start {index=10 src=tests/golden/base/rgb16.tif stagger_offset_ms=<ms> stagger_ms=<ms>}
[info] [tid] [sched] [scheduler.cpp] thread alloc {index=10 alloc_files=6 encode_threads=2 active_files=1 sum_encode_threads=2 thread_budget=16}
[info] [tid] [pipeline] [pipeline.cpp] metadata-only done {src=tests/golden/base/rgb16.tif out=".cache/regression/out-meta-webp\\base\\rgb16.tif" bytes=586 metawrite_ms=<ms> warnings=0}
[info] [tid] [sched] [scheduler.cpp] file start {index=11 src=tests/golden/base/rgb8.png stagger_offset_ms=<ms> stagger_ms=<ms>}
[info] [tid] [sched] [scheduler.cpp] thread alloc {index=11 alloc_files=5 encode_threads=3 active_files=1 sum_encode_threads=3 thread_budget=16}
[info] [tid] [pipeline] [pipeline.cpp] metadata-only done {src=tests/golden/base/rgb8.png out=".cache/regression/out-meta-webp\\base\\rgb8.png" bytes=461 metawrite_ms=<ms> warnings=0}
[info] [tid] [sched] [scheduler.cpp] file start {index=12 src=tests/golden/base/rgb8.tif stagger_offset_ms=<ms> stagger_ms=<ms>}
[info] [tid] [sched] [scheduler.cpp] thread alloc {index=12 alloc_files=4 encode_threads=4 active_files=1 sum_encode_threads=4 thread_budget=16}
[info] [tid] [pipeline] [pipeline.cpp] metadata-only done {src=tests/golden/base/rgb8.tif out=".cache/regression/out-meta-webp\\base\\rgb8.tif" bytes=470 metawrite_ms=<ms> warnings=0}
[info] [tid] [sched] [scheduler.cpp] file start {index=13 src=tests/golden/base/rgba16.png stagger_offset_ms=<ms> stagger_ms=<ms>}
[info] [tid] [sched] [scheduler.cpp] thread alloc {index=13 alloc_files=3 encode_threads=5 active_files=1 sum_encode_threads=5 thread_budget=16}
[info] [tid] [pipeline] [pipeline.cpp] metadata-only done {src=tests/golden/base/rgba16.png out=".cache/regression/out-meta-webp\\base\\rgba16.png" bytes=555 metawrite_ms=<ms> warnings=0}
[info] [tid] [sched] [scheduler.cpp] file start {index=14 src=tests/golden/base/rgba8.png stagger_offset_ms=<ms> stagger_ms=<ms>}
[info] [tid] [sched] [scheduler.cpp] thread alloc {index=14 alloc_files=2 encode_threads=8 active_files=1 sum_encode_threads=8 thread_budget=16}
[info] [tid] [pipeline] [pipeline.cpp] metadata-only done {src=tests/golden/base/rgba8.png out=".cache/regression/out-meta-webp\\base\\rgba8.png" bytes=522 metawrite_ms=<ms> warnings=0}
[info] [tid] [sched] [scheduler.cpp] file start {index=15 src=tests/golden/base/targa.tga stagger_offset_ms=<ms> stagger_ms=<ms>}
[info] [tid] [sched] [scheduler.cpp] thread alloc {index=15 alloc_files=1 encode_threads=16 active_files=1 sum_encode_threads=16 thread_budget=16}
[error] [tid] [pipeline] [pipeline.cpp] metadata-only rewrite failed: exiv2: Writing to TGA images is not supported {src=tests/golden/base/targa.tga}
[info] [tid] [scheduler] [scheduler.cpp] e3 report {thread_budget=16 stagger_ms=<ms> peak_active_files=1 peak_sum_encode_threads=16 active_files_end=0 files_done=16}
[info] [tid] [run] [main.cpp] run summary {files=16 ok=12 failed=4 skipped=0 cancelled=0 bytes=6462 total_ms=<ms> throughput_mb_s=<val> avg_file_ms=<ms>}
photopipeline --dev
  format=webp backend=(first) tech=(first) lossless=false bitdepth=8 color=keep conflict=overwrite
  out=.cache/regression/out-meta-webp workers=1 files=16 metadata_only=true params=[alpha_compression=true alpha_filtering=1 alpha_quality=100 autofilter=false emulate_jpeg_size=false filter_sharpness=0 filter_strength=30 filter_type=true lossless=false low_memory=false method=4 partition_limit=0 partitions=0 pass=1 preprocessing=0 preset=2 qmax=100 qmin=0 quality=90 segments=4 sharp_yuv=true sns_strength=50]

file                                           state          bytes        ms  warnings
tests/golden/base/anim.gif failed 0 <ms>
    error: metadata-only rewrite failed: exiv2: Writing to GIF images is not supported
tests/golden/base/bmp24.bmp failed 0 <ms>
    error: metadata-only rewrite failed: exiv2: Writing to BMP images is not supported
tests/golden/base/gray16.png ok 422 <ms>
tests/golden/base/gray16.tif ok 408 <ms>
tests/golden/base/gray8.png ok 412 <ms>
tests/golden/base/graya8.png ok 422 <ms>
tests/golden/base/jxl8.jxl failed 0 <ms>
    error: metadata-only rewrite failed: exiv2: Setting Exif metadata in BMFF images is not supported
tests/golden/base/multi.tif ok 826 <ms>
tests/golden/base/photo.jpg ok 839 <ms>
tests/golden/base/rgb16.png ok 539 <ms>
tests/golden/base/rgb16.tif ok 586 <ms>
tests/golden/base/rgb8.png ok 461 <ms>
tests/golden/base/rgb8.tif ok 470 <ms>
tests/golden/base/rgba16.png ok 555 <ms>
tests/golden/base/rgba8.png ok 522 <ms>
tests/golden/base/targa.tga failed 0 <ms>
    error: metadata-only rewrite failed: exiv2: Writing to TGA images is not supported

SUMMARY files=16 ok=12 failed=4 skipped=0 cancelled=0 bytes=6462 total_ms=<ms> throughput_mb_s=<val> avg_file_ms=<ms>
EXIT 4 (failed files)
